id,name,district,intro,hint1,hint2,hint3,fact1,fact2,fact3,difficulty,lat,lon,image_url
1,Cubbon Park,Bengaluru,"Somewhere in Karnataka, this park holds a story worth uncovering.",Lush green lung of the city.,"It's a well-known park, popular for morning walks.","Visitors flock here for morning walks, relaxation, photography -- a well-loved spot in Bengaluru district.",Category: Park,Known for: Lush green lung of the city,"Popular activities: Morning walks, Relaxation, Photography",easy,12.9716,77.5946,https://upload.wikimedia.org/wikipedia/commons/thumb/d/d5/Cubbon_Park_W.jpg/500px-Cubbon_Park_W.jpg
4,Tipu Sultan's Summer Palace,Bengaluru,"Somewhere in Karnataka, this palace holds a story worth uncovering.",Indo-Islamic architecture.,"It's a well-known palace, popular for history tour.","Visitors flock here for history tour, museum visit, photography -- a well-loved spot in Bengaluru district.",Category: Palace,Known for: Indo-Islamic architecture,"Popular activities: History tour, Museum visit, Photography",easy,12.9716,77.5946,https://upload.wikimedia.org/wikipedia/commons/thumb/1/13/Tippu_Sultan%27s_Summer_palace.jpg/500px-Tippu_Sultan%27s_Summer_palace.jpg
7,Bull Temple,Bengaluru,"Somewhere in Karnataka, this temple holds a story worth uncovering.",Dravidian style temple with a huge Nandi idol.,"It's a well-known temple, popular for religious visit.","Visitors flock here for religious visit, architecture appreciation -- a well-loved spot in Bengaluru district.",Category: Temple,Known for: Dravidian style temple with a huge Nandi idol,"Popular activities: Religious visit, Architecture appreciation",easy,12.9716,77.5946,https://upload.wikimedia.org/wikipedia/commons/thumb/8/86/Dodda_Ganeshana_Gudi_Hindu_temple%2C_Basavanagudi%2C_Karnataka%2C_India.jpg/500px-Dodda_Ganeshana_Gudi_Hindu_temple%2C_Basavanagudi%2C_Karnataka%2C_India.jpg
10,UB City,Bengaluru,"Somewhere in Karnataka, this attraction holds a story worth uncovering.",Luxury mall and business district.,"It's a well-known attraction, popular for shopping.","Visitors flock here for shopping, fine dining, nightlife -- a well-loved spot in Bengaluru district.",Category: Attraction,Known for: Luxury mall and business district,"Popular activities: Shopping, Fine dining, Nightlife",easy,12.9716,77.5946,https://upload.wikimedia.org/wikipedia/commons/thumb/5/5e/UBtowers.jpg/500px-UBtowers.jpg
13,Visvesvaraya Industrial & Technological Museum,Bengaluru,"Somewhere in Karnataka, this museum holds a story worth uncovering.",Science museum.,"It's a well-known museum, popular for interactive exhibits.","Visitors flock here for interactive exhibits, educational tours -- a well-loved spot in Bengaluru district.",Category: Museum,Known for: Science museum,"Popular activities: Interactive exhibits, Educational tours",easy,12.9716,77.5946,https://upload.wikimedia.org/wikipedia/commons/thumb/f/fa/Visvesvaraya_Industrial_and_Technological_Museum%2C_Bangalore_%282025%29_02.jpg/500px-Visvesvaraya_Industrial_and_Technological_Museum%2C_Bangalore_%282025%29_02.jpg
16,Nandi Hills,Bengaluru,"Somewhere in Karnataka, this fort holds a story worth uncovering.",Ancient hill fortress and scenic viewpoint.,"It's a well-known fort, popular for sunrise viewing.","Visitors flock here for sunrise viewing, cycling, paragliding -- a well-loved spot in Bengaluru district.",Category: Fort,Known for: Ancient hill fortress and scenic viewpoint,"Popular activities: Sunrise viewing, Cycling, Paragliding",easy,12.9716,77.5946,https://upload.wikimedia.org/wikipedia/commons/thumb/1/19/Sunrise_at_Nandi_Hills.jpg/500px-Sunrise_at_Nandi_Hills.jpg
19,Dodda Aalada Mara (Big Banyan Tree),Bengaluru,"Somewhere in Karnataka, this attraction holds a story worth uncovering.",Huge 400-year-old banyan tree.,"It's a well-known attraction, popular for picnic.","Visitors flock here for picnic, relaxation, photography -- a well-loved spot in Bengaluru district.",Category: Attraction,Known for: Huge 400-year-old banyan tree,"Popular activities: Picnic, Relaxation, Photography",easy,12.9716,77.5946,https://upload.wikimedia.org/wikipedia/commons/thumb/3/3c/Dodda_Alada_Mara_banyan_8.jpg/500px-Dodda_Alada_Mara_banyan_8.jpg
2,Bengaluru Palace,Bengaluru,"Somewhere in Karnataka, this palace holds a story worth uncovering.",Tudor-style architecture and royal history.,"It's a well-known palace, popular for history tour.","Visitors flock here for history tour, photography, event attending -- a well-loved spot in Bengaluru district.",Category: Palace,Known for: Tudor-style architecture and royal history,"Popular activities: History tour, Photography, Event attending",medium,12.9716,77.5946,https://upload.wikimedia.org/wikipedia/commons/thumb/8/8f/Bangalore_Mysore_Maharaja_Palace.jpg/500px-Bangalore_Mysore_Maharaja_Palace.jpg
5,Vidhana Soudha,Bengaluru,"Somewhere in Karnataka, this attraction holds a story worth uncovering.",Neo-Dravidian style legislative building.,"It's a well-known attraction, popular for architecture appreciation.","Visitors flock here for architecture appreciation, photography (exterior only) -- a well-loved spot in Bengaluru district.",Category: Attraction,Known for: Neo-Dravidian style legislative building,"Popular activities: Architecture appreciation, Photography (exterior only)",medium,12.9716,77.5946,https://upload.wikimedia.org/wikipedia/commons/thumb/2/25/Vidhana_Soudha_2012.jpg/500px-Vidhana_Soudha_2012.jpg
8,Bannerghatta Biological Park,Bengaluru,"Somewhere in Karnataka, this park holds a story worth uncovering.","Zoo, safari, and butterfly park.","It's a well-known park, popular for wildlife safari.","Visitors flock here for wildlife safari, butterfly conservatory visit, boating -- a well-loved spot in Bengaluru district.",Category: Park,"Known for: Zoo, safari, and butterfly park","Popular activities: Wildlife safari, Butterfly conservatory visit, Boating",medium,12.9716,77.5946,https://upload.wikimedia.org/wikipedia/commons/thumb/a/a7/Bengal_Tiger_In_Bannerghatta_Bengaluru.jpg/500px-Bengal_Tiger_In_Bannerghatta_Bengaluru.jpg
11,HAL Aerospace Museum,Bengaluru,"Somewhere in Karnataka, this museum holds a story worth uncovering.",India's first aerospace museum.,"It's a well-known museum, popular for history of aviation.","Visitors flock here for history of aviation, aircraft viewing, simulator rides -- a well-loved spot in Bengaluru district.",Category: Museum,Known for: India's first aerospace museum,"Popular activities: History of aviation, Aircraft viewing, Simulator rides",medium,12.9716,77.5946,https://upload.wikimedia.org/wikipedia/commons/thumb/d/d5/HAL_Museum_Bengaluru.jpg/500px-HAL_Museum_Bengaluru.jpg
14,Innovator's Nest (Formerly Innovative Film City),Bengaluru,"Somewhere in Karnataka, this park holds a story worth uncovering.",Theme park and film studio.,"It's a well-known park, popular for film studio tour.","Visitors flock here for film studio tour, theme park rides, cartoon city -- a well-loved spot in Bengaluru district.",Category: Park,Known for: Theme park and film studio,"Popular activities: Film studio tour, Theme park rides, Cartoon city",medium,12.9716,77.5946,https://upload.wikimedia.org/wikipedia/commons/thumb/a/ac/Dravidian_map.svg/500px-Dravidian_map.svg.png
17,Shivagange,Bengaluru,"Somewhere in Karnataka, this attraction holds a story worth uncovering.",Sacred mountain shaped like a Shiva lingam.,"It's a well-known attraction, popular for pilgrimage.","Visitors flock here for pilgrimage, trekking, rock climbing -- a well-loved spot in Bengaluru district.",Category: Attraction,Known for: Sacred mountain shaped like a Shiva lingam,"Popular activities: Pilgrimage, Trekking, Rock climbing",medium,12.9716,77.5946,https://upload.wikimedia.org/wikipedia/commons/thumb/c/ce/Shivagange_Basavanna.JPG/500px-Shivagange_Basavanna.JPG
20,Ramadevara Betta (Sholay Hill),Bengaluru,"Somewhere in Karnataka, this hill/viewpoint holds a story worth uncovering.",Famous for being the filming location of Sholay.,"It's a well-known hill/viewpoint, popular for trekking.","Visitors flock here for trekking, rock climbing, photography -- a well-loved spot in Bengaluru district.",Category: Hill/Viewpoint,Known for: Famous for being the filming location of Sholay,"Popular activities: Trekking, Rock climbing, Photography",medium,12.9716,77.5946,https://upload.wikimedia.org/wikipedia/commons/thumb/9/90/Ramadevarabetta.jpg/500px-Ramadevarabetta.jpg
3,Lal Bagh Botanical Garden,Bengaluru,"Somewhere in Karnataka, this garden holds a story worth uncovering.",Botanical garden with a glass house.,"It's a well-known garden, popular for flower shows.","Visitors flock here for flower shows, nature walks, photography -- a well-loved spot in Bengaluru district.",Category: Garden,Known for: Botanical garden with a glass house,"Popular activities: Flower shows, Nature walks, Photography",hard,12.9716,77.5946,https://upload.wikimedia.org/wikipedia/commons/thumb/d/d5/Glasshouse_and_fountain_at_lalbagh.jpg/500px-Glasshouse_and_fountain_at_lalbagh.jpg
6,ISKCON Temple Bangalore,Bengaluru,"Somewhere in Karnataka, this temple holds a story worth uncovering.",Hare Krishna temple with modern architecture.,"It's a well-known temple, popular for spiritual visit.","Visitors flock here for spiritual visit, prasadam tasting, cultural events -- a well-loved spot in Bengaluru district.",Category: Temple,Known for: Hare Krishna temple with modern architecture,"Popular activities: Spiritual visit, Prasadam tasting, Cultural events",hard,12.9716,77.5946,https://upload.wikimedia.org/wikipedia/commons/thumb/1/11/ISKCON_Banglaore_Temple.jpg/500px-ISKCON_Banglaore_Temple.jpg
9,Wonderla Amusement Park,Bengaluru,"Somewhere in Karnataka, this park holds a story worth uncovering.",Theme park with thrilling rides.,"It's a well-known park, popular for rides.","Visitors flock here for rides, water games, family fun -- a well-loved spot in Bengaluru district.",Category: Park,Known for: Theme park with thrilling rides,"Popular activities: Rides, Water games, Family fun",hard,12.9716,77.5946,https://placehold.co/500x350/1c433c/8fe0a8?font=roboto&text=Wonderla%20Amusement%20Park
12,National Gallery of Modern Art,Bengaluru,"Somewhere in Karnataka, this attraction holds a story worth uncovering.",Art gallery with contemporary Indian art.,"It's a well-known attraction, popular for art appreciation.","Visitors flock here for art appreciation, exhibitions -- a well-loved spot in Bengaluru district.",Category: Attraction,Known for: Art gallery with contemporary Indian art,"Popular activities: Art appreciation, Exhibitions",hard,12.9716,77.5946,https://upload.wikimedia.org/wikipedia/commons/thumb/9/97/National_Gallery_of_Modern_Art_logo_%282025%29.png/500px-National_Gallery_of_Modern_Art_logo_%282025%29.png
15,Devanahalli Fort,Bengaluru,"Somewhere in Karnataka, this fort holds a story worth uncovering.",Birthplace of Tipu Sultan.,"It's a well-known fort, popular for history tour.","Visitors flock here for history tour, photography, heritage walk -- a well-loved spot in Bengaluru district.",Category: Fort,Known for: Birthplace of Tipu Sultan,"Popular activities: History tour, Photography, Heritage walk",hard,12.9716,77.5946,https://upload.wikimedia.org/wikipedia/commons/thumb/5/56/Hills_and_Clouds_near_Doddaballapura.jpg/500px-Hills_and_Clouds_near_Doddaballapura.jpg
18,Nrityagram,Bengaluru,"Somewhere in Karnataka, this attraction holds a story worth uncovering.",Gurukul for Indian classical dance forms.,"It's a well-known attraction, popular for dance performances.","Visitors flock here for dance performances, cultural workshops -- a well-loved spot in Bengaluru district.",Category: Attraction,Known for: Gurukul for Indian classical dance forms,"Popular activities: Dance performances, Cultural workshops",hard,12.9716,77.5946,https://upload.wikimedia.org/wikipedia/commons/thumb/c/c0/Entrance_to_the_Nrityagram_Dance_Community.jpg/500px-Entrance_to_the_Nrityagram_Dance_Community.jpg
102,Bhoga Nandeeshwara Temple,Chikkaballapur,"Somewhere in Karnataka, this temple holds a story worth uncovering.",9th-century temple with intricate carvings.,"It's a well-known temple, popular for architecture photography.","Visitors flock here for architecture photography, history tour, pilgrimage -- a well-loved spot in Chikkaballapur district.",Category: Temple,Known for: 9th-century temple with intricate carvings,"Popular activities: Architecture photography, History tour, Pilgrimage",medium,13.4355,77.7315,https://upload.wikimedia.org/wikipedia/commons/thumb/7/73/Bhoga_Nandeeshwara_Temple_-_North_Side_View.jpg/500px-Bhoga_Nandeeshwara_Temple_-_North_Side_View.jpg
105,Yoga Nandeeshwara Temple,Chikkaballapur,"Somewhere in Karnataka, this temple holds a story worth uncovering.",Temple located at the top of Nandi Hills.,"It's a well-known temple, popular for pilgrimage.","Visitors flock here for pilgrimage, architecture study, viewing the hill range -- a well-loved spot in Chikkaballapur district.",Category: Temple,Known for: Temple located at the top of Nandi Hills,"Popular activities: Pilgrimage, Architecture study, Viewing the hill range",medium,13.4355,77.7315,https://upload.wikimedia.org/wikipedia/en/thumb/0/00/SreeYoganandeeswaraSwamyTemple.JPG/500px-SreeYoganandeeswaraSwamyTemple.JPG
108,Kaveripura (Sir M.V. Museum),Chikkaballapur,"Somewhere in Karnataka, this museum holds a story worth uncovering.",Museum dedicated to India's greatest engineer.,"It's a well-known museum, popular for exploring artifacts.","Visitors flock here for exploring artifacts, history study, photography -- a well-loved spot in Chikkaballapur district.",Category: Museum,Known for: Museum dedicated to India's greatest engineer,"Popular activities: Exploring artifacts, History study, Photography",medium,13.4355,77.7315,https://placehold.co/500x350/1c433c/8fe0a8?font=roboto&text=Kaveripura%20%28Sir%20M.V.%20Museum%29
111,Kailasagiri,Chikkaballapur,"Somewhere in Karnataka, this temple holds a story worth uncovering.",Hillock with cave temples and panoramic views.,"It's a well-known temple, popular for trekking.","Visitors flock here for trekking, cave exploration, photography -- a well-loved spot in Chikkaballapur district.",Category: Temple,Known for: Hillock with cave temples and panoramic views,"Popular activities: Trekking, Cave exploration, Photography",medium,13.4355,77.7315,https://upload.wikimedia.org/wikipedia/commons/thumb/0/0a/Chinthamani_Taluk_COVID_Map.pdf/page1-500px-Chinthamani_Taluk_COVID_Map.pdf.jpg
114,Gummanayaka Kote,Chikkaballapur,"Somewhere in Karnataka, this fort holds a story worth uncovering.",14th-century hill fort ruins.,"It's a well-known fort, popular for adventure trekking.","Visitors flock here for adventure trekking, history exploration, photography -- a well-loved spot in Chikkaballapur district.",Category: Fort,Known for: 14th-century hill fort ruins,"Popular activities: Adventure trekking, History exploration, Photography",medium,13.4355,77.7315,https://placehold.co/500x350/1c433c/8fe0a8?font=roboto&text=Gummanayaka%20Kote
117,Jaramadagu Falls,Chikkaballapur,"Somewhere in Karnataka, this waterfall holds a story worth uncovering.",Hidden multi-step waterfall in the forest.,"It's a well-known waterfall, popular for forest trekking.","Visitors flock here for forest trekking, photography, nature walks -- a well-loved spot in Chikkaballapur district.",Category: Waterfall,Known for: Hidden multi-step waterfall in the forest,"Popular activities: Forest trekking, Photography, Nature walks",medium,13.4355,77.7315,https://placehold.co/500x350/1c433c/8fe0a8?font=roboto&text=Jaramadagu%20Falls
120,Sathi Falls,Chikkaballapur,"Somewhere in Karnataka, this waterfall holds a story worth uncovering.",Seasonal waterfall ideal for a quick getaway.,"It's a well-known waterfall, popular for nature photography.","Visitors flock here for nature photography, picnic, short trekking -- a well-loved spot in Chikkaballapur district.",Category: Waterfall,Known for: Seasonal waterfall ideal for a quick getaway,"Popular activities: Nature photography, Picnic, Short trekking",medium,13.4355,77.7315,https://upload.wikimedia.org/wikipedia/commons/thumb/a/ac/A_scenery_from_bababudan_hill.jpg/500px-A_scenery_from_bababudan_hill.jpg
123,Bagepalli (Silk Hub),Chikkaballapur,"Somewhere in Karnataka, this attraction holds a story worth uncovering.",Center for sericulture and silk production.,"It's a well-known attraction, popular for watching silk weaving.","Visitors flock here for watching silk weaving, factory visit, shopping -- a well-loved spot in Chikkaballapur district.",Category: Attraction,Known for: Center for sericulture and silk production,"Popular activities: Watching silk weaving, Factory visit, Shopping",medium,13.4355,77.7315,https://placehold.co/500x350/1c433c/8fe0a8?font=roboto&text=Bagepalli%20%28Silk%20Hub%29
126,Grover Zampa Vineyards,Chikkaballapur,"Somewhere in Karnataka, this attraction holds a story worth uncovering.",One of India's oldest winery estates.,"It's a well-known attraction, popular for wine tasting tours.","Visitors flock here for wine tasting tours, learning about viticulture, photography -- a well-loved spot in Chikkaballapur district.",Category: Attraction,Known for: One of India's oldest winery estates,"Popular activities: Wine tasting tours, Learning about viticulture, Photography",medium,13.4355,77.7315,https://placehold.co/500x350/1c433c/8fe0a8?font=roboto&text=Grover%20Zampa%20Vineyards
129,Rangadhama Hill,Chikkaballapur,"Somewhere in Karnataka, this temple holds a story worth uncovering.",Hilltop temple with a challenging climb.,"It's a well-known temple, popular for steep trekking.","Visitors flock here for steep trekking, religious visit, viewpoint viewing -- a well-loved spot in Chikkaballapur district.",Category: Temple,Known for: Hilltop temple with a challenging climb,"Popular activities: Steep trekking, Religious visit, Viewpoint viewing",medium,13.4355,77.7315,https://upload.wikimedia.org/wikipedia/commons/thumb/5/55/What_is_Shipyard.jpg/500px-What_is_Shipyard.jpg
103,Skandagiri (Kalavara Durga),Chikkaballapur,"Somewhere in Karnataka, this attraction holds a story worth uncovering.",Famous night trekking destination with mountain views.,"It's a well-known attraction, popular for night trekking.","Visitors flock here for night trekking, camping, sunrise viewing -- a well-loved spot in Chikkaballapur district.",Category: Attraction,Known for: Famous night trekking destination with mountain views,"Popular activities: Night trekking, Camping, Sunrise viewing",hard,13.4355,77.7315,https://upload.wikimedia.org/wikipedia/commons/thumb/a/a8/Skandagiri.jpg/500px-Skandagiri.jpg
104,Skandagiri Temple,Chikkaballapur,"Somewhere in Karnataka, this temple holds a story worth uncovering.",Ancient temple at the base of the hill.,"It's a well-known temple, popular for religious visit.","Visitors flock here for religious visit, architecture study -- a well-loved spot in Chikkaballapur district.",Category: Temple,Known for: Ancient temple at the base of the hill,"Popular activities: Religious visit, Architecture study",hard,13.4355,77.7315,https://upload.wikimedia.org/wikipedia/commons/thumb/1/19/Sunrise_at_Nandi_Hills.jpg/500px-Sunrise_at_Nandi_Hills.jpg
106,Vivekananda Falls,Chikkaballapur,"Somewhere in Karnataka, this waterfall holds a story worth uncovering.",Seasonal waterfall located near the hills.,"It's a well-known waterfall, popular for nature trekking.","Visitors flock here for nature trekking, photography, relaxation -- a well-loved spot in Chikkaballapur district.",Category: Waterfall,Known for: Seasonal waterfall located near the hills,"Popular activities: Nature trekking, Photography, Relaxation",hard,13.4355,77.7315,https://upload.wikimedia.org/wikipedia/commons/thumb/4/4b/Hampi_virupaksha_temple.jpg/500px-Hampi_virupaksha_temple.jpg
107,Muddenahalli,Chikkaballapur,"Somewhere in Karnataka, this attraction holds a story worth uncovering.",Birthplace of Sir M. Visvesvaraya.,"It's a well-known attraction, popular for visiting the museum.","Visitors flock here for visiting the museum, history tour, educational visit -- a well-loved spot in Chikkaballapur district.",Category: Attraction,Known for: Birthplace of Sir M. Visvesvaraya,"Popular activities: Visiting the museum, History tour, Educational visit",hard,13.4355,77.7315,https://placehold.co/500x350/1c433c/8fe0a8?font=roboto&text=Muddenahalli
109,Ranganatha Swamy Temple,Chikkaballapur,"Somewhere in Karnataka, this temple holds a story worth uncovering.",Ancient temple dedicated to Lord Ranganatha.,"It's a well-known temple, popular for pilgrimage.","Visitors flock here for pilgrimage, watching traditional rituals -- a well-loved spot in Chikkaballapur district.",Category: Temple,Known for: Ancient temple dedicated to Lord Ranganatha,"Popular activities: Pilgrimage, Watching traditional rituals",hard,13.4355,77.7315,https://upload.wikimedia.org/wikipedia/commons/thumb/4/4b/Hampi_virupaksha_temple.jpg/500px-Hampi_virupaksha_temple.jpg
110,Kaiwara,Chikkaballapur,"Somewhere in Karnataka, this attraction holds a story worth uncovering.",Historic town associated with the poet Kaiwara Tatayya.,"It's a well-known attraction, popular for religious visit.","Visitors flock here for religious visit, visiting the ashram, cave exploration -- a well-loved spot in Chikkaballapur district.",Category: Attraction,Known for: Historic town associated with the poet Kaiwara Tatayya,"Popular activities: Religious visit, Visiting the ashram, Cave exploration",hard,13.4355,77.7315,https://upload.wikimedia.org/wikipedia/commons/thumb/0/0a/Chinthamani_Taluk_COVID_Map.pdf/page1-500px-Chinthamani_Taluk_COVID_Map.pdf.jpg
112,Chintamani,Chikkaballapur,"Somewhere in Karnataka, this attraction holds a story worth uncovering.",Major trade center known for silk and incense.,"It's a well-known attraction, popular for local shopping.","Visitors flock here for local shopping, market exploration, food tasting -- a well-loved spot in Chikkaballapur district.",Category: Attraction,Known for: Major trade center known for silk and incense,"Popular activities: Local shopping, Market exploration, Food tasting",hard,13.4355,77.7315,https://upload.wikimedia.org/wikipedia/commons/thumb/0/0a/Chinthamani_Taluk_COVID_Map.pdf/page1-500px-Chinthamani_Taluk_COVID_Map.pdf.jpg
113,Srinivasa Sagara,Chikkaballapur,"Somewhere in Karnataka, this attraction holds a story worth uncovering.",Scenic reservoir and dam site.,"It's a well-known attraction, popular for picnic.","Visitors flock here for picnic, bird watching, photography -- a well-loved spot in Chikkaballapur district.",Category: Attraction,Known for: Scenic reservoir and dam site,"Popular activities: Picnic, Bird watching, Photography",hard,13.4355,77.7315,https://upload.wikimedia.org/wikipedia/commons/thumb/5/50/Singeetam_srinivasa_rao.jpg/500px-Singeetam_srinivasa_rao.jpg
115,Avalabetta,Chikkaballapur,"Somewhere in Karnataka, this hill/viewpoint holds a story worth uncovering.",Quiet hill station known as the 'Nandi Hills without the crowd'.,"It's a well-known hill/viewpoint, popular for trekking.","Visitors flock here for trekking, landscape photography, cliff viewing -- a well-loved spot in Chikkaballapur district.",Category: Hill/Viewpoint,Known for: Quiet hill station known as the 'Nandi Hills without the crowd',"Popular activities: Trekking, Landscape photography, Cliff viewing",hard,13.4355,77.7315,https://upload.wikimedia.org/wikipedia/commons/thumb/d/d2/Vidhana_Soudha_sunset.jpg/500px-Vidhana_Soudha_sunset.jpg
116,Vidurashwatha,Chikkaballapur,"Somewhere in Karnataka, this attraction holds a story worth uncovering.",Known as the 'Jallianwala Bagh of the South'.,"It's a well-known attraction, popular for history tour.","Visitors flock here for history tour, visiting the martyr's memorial, pilgrimage -- a well-loved spot in Chikkaballapur district.",Category: Attraction,Known for: Known as the 'Jallianwala Bagh of the South',"Popular activities: History tour, Visiting the martyr's memorial, Pilgrimage",hard,13.4355,77.7315,https://placehold.co/500x350/1c433c/8fe0a8?font=roboto&text=Vidurashwatha
118,Ghatikallu,Chikkaballapur,"Somewhere in Karnataka, this attraction holds a story worth uncovering.",Massive rock formation and trekking spot.,"It's a well-known attraction, popular for rock climbing.","Visitors flock here for rock climbing, trekking, photography -- a well-loved spot in Chikkaballapur district.",Category: Attraction,Known for: Massive rock formation and trekking spot,"Popular activities: Rock climbing, Trekking, Photography",hard,13.4355,77.7315,https://placehold.co/500x350/1c433c/8fe0a8?font=roboto&text=Ghatikallu
119,Minakanagurki,Chikkaballapur,"Somewhere in Karnataka, this attraction holds a story worth uncovering.",Center for rural empowerment and education.,"It's a well-known attraction, popular for social study.","Visitors flock here for social study, educational tour, photography -- a well-loved spot in Chikkaballapur district.",Category: Attraction,Known for: Center for rural empowerment and education,"Popular activities: Social study, Educational tour, Photography",hard,13.4355,77.7315,https://placehold.co/500x350/1c433c/8fe0a8?font=roboto&text=Minakanagurki
121,Venkataramana Swamy Temple (Alamgiri),Chikkaballapur,"Somewhere in Karnataka, this temple holds a story worth uncovering.",Historic temple with Hoysala influence.,"It's a well-known temple, popular for architecture photography.","Visitors flock here for architecture photography, pilgrimage, history tour -- a well-loved spot in Chikkaballapur district.",Category: Temple,Known for: Historic temple with Hoysala influence,"Popular activities: Architecture photography, Pilgrimage, History tour",hard,13.4355,77.7315,https://upload.wikimedia.org/wikipedia/commons/thumb/0/0a/Chinthamani_Taluk_COVID_Map.pdf/page1-500px-Chinthamani_Taluk_COVID_Map.pdf.jpg
122,Bhimeshwara Temple,Chikkaballapur,"Somewhere in Karnataka, this temple holds a story worth uncovering.",Cave temple dedicated to Lord Shiva.,"It's a well-known temple, popular for spiritual retreat.","Visitors flock here for spiritual retreat, cave exploration, photography -- a well-loved spot in Chikkaballapur district.",Category: Temple,Known for: Cave temple dedicated to Lord Shiva,"Popular activities: Spiritual retreat, Cave exploration, Photography",hard,13.4355,77.7315,https://upload.wikimedia.org/wikipedia/commons/thumb/9/93/Someshwara1.jpg/500px-Someshwara1.jpg
124,Gudibande Fort,Chikkaballapur,"Somewhere in Karnataka, this fort holds a story worth uncovering.",7-layered fort modeled after the Madhugiri Fort.,"It's a well-known fort, popular for fort trekking.","Visitors flock here for fort trekking, history study, viewing the surrounding lakes -- a well-loved spot in Chikkaballapur district.",Category: Fort,Known for: 7-layered fort modeled after the Madhugiri Fort,"Popular activities: Fort trekking, History study, Viewing the surrounding lakes",hard,13.4355,77.7315,https://upload.wikimedia.org/wikipedia/commons/thumb/9/9f/Gudibande_-_Loaps.jpg/500px-Gudibande_-_Loaps.jpg
125,Amani Byrasagara Lake,Chikkaballapur,"Somewhere in Karnataka, this lake holds a story worth uncovering.",Large lake near Gudibande town.,"It's a well-known lake, popular for bird watching.","Visitors flock here for bird watching, evening walks, photography -- a well-loved spot in Chikkaballapur district.",Category: Lake,Known for: Large lake near Gudibande town,"Popular activities: Bird watching, Evening walks, Photography",hard,13.4355,77.7315,https://upload.wikimedia.org/wikipedia/commons/thumb/9/9f/Gudibande_-_Loaps.jpg/500px-Gudibande_-_Loaps.jpg
127,Mandikal Hills,Chikkaballapur,"Somewhere in Karnataka, this hill/viewpoint holds a story worth uncovering.",Trekking spot with lush greenery after rain.,"It's a well-known hill/viewpoint, popular for trekking.","Visitors flock here for trekking, nature walks, photography -- a well-loved spot in Chikkaballapur district.",Category: Hill/Viewpoint,Known for: Trekking spot with lush greenery after rain,"Popular activities: Trekking, Nature walks, Photography",hard,13.4355,77.7315,https://placehold.co/500x350/1c433c/8fe0a8?font=roboto&text=Mandikal%20Hills
128,Kandavara Lake,Chikkaballapur,"Somewhere in Karnataka, this lake holds a story worth uncovering.",Serene lake popular for morning walks.,"It's a well-known lake, popular for jogging.","Visitors flock here for jogging, bird watching, photography -- a well-loved spot in Chikkaballapur district.",Category: Lake,Known for: Serene lake popular for morning walks,"Popular activities: Jogging, Bird watching, Photography",hard,13.4355,77.7315,https://placehold.co/500x350/1c433c/8fe0a8?font=roboto&text=Kandavara%20Lake
130,Ghati Subramanya Temple,Chikkaballapur,"Somewhere in Karnataka, this temple holds a story worth uncovering.",Famous temple where the deity is self-manifested.,"It's a well-known temple, popular for pilgrimage.","Visitors flock here for pilgrimage, watching snake worship rituals, architecture study -- a well-loved spot in Chikkaballapur district.",Category: Temple,Known for: Famous temple where the deity is self-manifested,"Popular activities: Pilgrimage, Watching snake worship rituals, Architecture study",hard,13.4355,77.7315,https://upload.wikimedia.org/wikipedia/commons/thumb/b/bd/Ghati_Subramanya_Temple.JPG/500px-Ghati_Subramanya_Temple.JPG
61,Abbey Falls,Coorg,"Somewhere in Karnataka, this waterfall holds a story worth uncovering.",Scenic waterfall surrounded by coffee plantations.,"It's a well-known waterfall, popular for photography.","Visitors flock here for photography, nature walks, picnic -- a well-loved spot in Coorg district.",Category: Waterfall,Known for: Scenic waterfall surrounded by coffee plantations,"Popular activities: Photography, Nature walks, Picnic",easy,12.3375,75.8069,https://upload.wikimedia.org/wikipedia/commons/thumb/1/17/Tadiandamol_Valley%2C_Western_Ghats.jpg/500px-Tadiandamol_Valley%2C_Western_Ghats.jpg
64,Dubare Elephant Camp,Coorg,"Somewhere in Karnataka, this attraction holds a story worth uncovering.",Elephant training camp on the banks of River Kaveri.,"It's a well-known attraction, popular for elephant bathing.","Visitors flock here for elephant bathing, elephant feeding, rafting -- a well-loved spot in Coorg district.",Category: Attraction,Known for: Elephant training camp on the banks of River Kaveri,"Popular activities: Elephant bathing, Elephant feeding, Rafting",easy,12.3375,75.8069,https://upload.wikimedia.org/wikipedia/commons/thumb/1/17/Tadiandamol_Valley%2C_Western_Ghats.jpg/500px-Tadiandamol_Valley%2C_Western_Ghats.jpg
67,Bylakuppe Tibetan Settlement (Golden Temple),Coorg,"Somewhere in Karnataka, this temple holds a story worth uncovering.",Largest Tibetan settlement in South India.,"It's a well-known temple, popular for spiritual visit.","Visitors flock here for spiritual visit, architecture appreciation, cultural immersion -- a well-loved spot in Coorg district.",Category: Temple,Known for: Largest Tibetan settlement in South India,"Popular activities: Spiritual visit, Architecture appreciation, Cultural immersion",easy,12.3375,75.8069,https://upload.wikimedia.org/wikipedia/commons/thumb/1/17/Tadiandamol_Valley%2C_Western_Ghats.jpg/500px-Tadiandamol_Valley%2C_Western_Ghats.jpg
70,Namdroling Monastery (Golden Temple),Coorg,"Somewhere in Karnataka, this temple holds a story worth uncovering.",Tibetan Buddhist monastery with golden statues.,"It's a well-known temple, popular for spiritual visit.","Visitors flock here for spiritual visit, meditation, photography -- a well-loved spot in Coorg district.",Category: Temple,Known for: Tibetan Buddhist monastery with golden statues,"Popular activities: Spiritual visit, Meditation, Photography",easy,12.3375,75.8069,https://upload.wikimedia.org/wikipedia/commons/thumb/7/72/Namrodoling_Monastery_Bylakuppe2.jpg/500px-Namrodoling_Monastery_Bylakuppe2.jpg
73,Omkareshwara Temple,Coorg,"Somewhere in Karnataka, this temple holds a story worth uncovering.",Unique temple with Islamic and Gothic architecture.,"It's a well-known temple, popular for pilgrimage.","Visitors flock here for pilgrimage, architecture study -- a well-loved spot in Coorg district.",Category: Temple,Known for: Unique temple with Islamic and Gothic architecture,"Popular activities: Pilgrimage, Architecture study",easy,12.3375,75.8069,https://upload.wikimedia.org/wikipedia/commons/thumb/1/17/Tadiandamol_Valley%2C_Western_Ghats.jpg/500px-Tadiandamol_Valley%2C_Western_Ghats.jpg
76,Mallalli Falls,Coorg,"Somewhere in Karnataka, this waterfall holds a story worth uncovering.",Stunning multi-tiered waterfall in Pushpagiri Hills.,"It's a well-known waterfall, popular for trekking.","Visitors flock here for trekking, photography, nature appreciation -- a well-loved spot in Coorg district.",Category: Waterfall,Known for: Stunning multi-tiered waterfall in Pushpagiri Hills,"Popular activities: Trekking, Photography, Nature appreciation",easy,12.3375,75.8069,https://upload.wikimedia.org/wikipedia/commons/thumb/1/1e/Mallalli_falls_1.jpg/500px-Mallalli_falls_1.jpg
79,Brahmagiri Wildlife Sanctuary,Coorg,"Somewhere in Karnataka, this waterfall holds a story worth uncovering.",Home to various wildlife and Iruppu Falls.,"It's a well-known waterfall, popular for trekking.","Visitors flock here for trekking, bird watching, wildlife spotting -- a well-loved spot in Coorg district.",Category: Waterfall,Known for: Home to various wildlife and Iruppu Falls,"Popular activities: Trekking, Bird watching, Wildlife spotting",easy,12.3375,75.8069,https://upload.wikimedia.org/wikipedia/commons/thumb/1/17/Tadiandamol_Valley%2C_Western_Ghats.jpg/500px-Tadiandamol_Valley%2C_Western_Ghats.jpg
62,Talakaveri,Coorg,"Somewhere in Karnataka, this attraction holds a story worth uncovering.",Source of River Kaveri.,"It's a well-known attraction, popular for pilgrimage.","Visitors flock here for pilgrimage, scenic views, nature appreciation -- a well-loved spot in Coorg district.",Category: Attraction,Known for: Source of River Kaveri,"Popular activities: Pilgrimage, Scenic views, Nature appreciation",medium,12.3375,75.8069,https://upload.wikimedia.org/wikipedia/commons/thumb/b/b9/Thalakkaveri_Temple%2C_Karnataka.jpg/500px-Thalakkaveri_Temple%2C_Karnataka.jpg
65,Padi Igguthappa Templs,Coorg,"Somewhere in Karnataka, this temple holds a story worth uncovering.",more than 200 year old shrine(temple) in kakkabe.,"It's a well-known temple, popular for pilgrimage.","Visitors flock here for pilgrimage, scenic views, nature appreciation -- a well-loved spot in Coorg district.",Category: Temple,Known for: more than 200 year old shrine(temple) in kakkabe,"Popular activities: Pilgrimage, Scenic views, Nature appreciation",medium,12.3375,75.8069,https://placehold.co/500x350/1c433c/8fe0a8?font=roboto&text=Padi%20Igguthappa%20Templs
68,Bhagamandala,Coorg,"Somewhere in Karnataka, this attraction holds a story worth uncovering.",Confluence of three rivers.,"It's a well-known attraction, popular for pilgrimage.","Visitors flock here for pilgrimage, river bathing -- a well-loved spot in Coorg district.",Category: Attraction,Known for: Confluence of three rivers,"Popular activities: Pilgrimage, River bathing",medium,12.3375,75.8069,https://upload.wikimedia.org/wikipedia/commons/thumb/5/5c/Bhagamandala_Birdseye_View_Coorg_Feb24_A7C_09524.jpg/500px-Bhagamandala_Birdseye_View_Coorg_Feb24_A7C_09524.jpg
71,Tadiandamol Peak,Coorg,"Somewhere in Karnataka, this attraction holds a story worth uncovering.",Highest peak in this region.,"It's a well-known attraction, popular for trekking.","Visitors flock here for trekking, camping, nature photography -- a well-loved spot in Coorg district.",Category: Attraction,Known for: Highest peak in Coorg,"Popular activities: Trekking, Camping, Nature photography",medium,12.3375,75.8069,https://upload.wikimedia.org/wikipedia/commons/thumb/1/17/Tadiandamol_Valley%2C_Western_Ghats.jpg/500px-Tadiandamol_Valley%2C_Western_Ghats.jpg
74,Coffee Plantations,Coorg,"Somewhere in Karnataka, this attraction holds a story worth uncovering.",Vast estates growing coffee.,"It's a well-known attraction, popular for coffee tour.","Visitors flock here for coffee tour, photography, nature walks -- a well-loved spot in Coorg district.",Category: Attraction,Known for: Vast estates growing coffee,"Popular activities: Coffee tour, Photography, Nature walks",medium,12.3375,75.8069,https://upload.wikimedia.org/wikipedia/commons/thumb/1/17/Tadiandamol_Valley%2C_Western_Ghats.jpg/500px-Tadiandamol_Valley%2C_Western_Ghats.jpg
77,Chelavara Falls,Coorg,"Somewhere in Karnataka, this waterfall holds a story worth uncovering.",Beautiful waterfall near Cheyyandane.,"It's a well-known waterfall, popular for photography.","Visitors flock here for photography, picnic, nature walks -- a well-loved spot in Coorg district.",Category: Waterfall,Known for: Beautiful waterfall near Cheyyandane,"Popular activities: Photography, Picnic, Nature walks",medium,12.3375,75.8069,https://upload.wikimedia.org/wikipedia/commons/thumb/1/17/Tadiandamol_Valley%2C_Western_Ghats.jpg/500px-Tadiandamol_Valley%2C_Western_Ghats.jpg
80,Gaddige Raja's Tomb,Coorg,"Somewhere in Karnataka, this attraction holds a story worth uncovering.",Royal tombs with Indo-Saracenic architecture.,"It's a well-known attraction, popular for history tour.","Visitors flock here for history tour, photography, architecture appreciation -- a well-loved spot in Coorg district.",Category: Attraction,Known for: Royal tombs with Indo-Saracenic architecture,"Popular activities: History tour, Photography, Architecture appreciation",medium,12.3375,75.8069,https://upload.wikimedia.org/wikipedia/commons/thumb/0/02/Raja%27s_Seat_View_Point.jpg/500px-Raja%27s_Seat_View_Point.jpg
63,Raja's Seat,Coorg,"Somewhere in Karnataka, this garden holds a story worth uncovering.",Seasonal garden with panoramic views of valleys.,"It's a well-known garden, popular for sunset viewing.","Visitors flock here for sunset viewing, toy train ride, photography -- a well-loved spot in Coorg district.",Category: Garden,Known for: Seasonal garden with panoramic views of valleys,"Popular activities: Sunset viewing, Toy train ride, Photography",hard,12.3375,75.8069,https://upload.wikimedia.org/wikipedia/commons/c/c6/Raja_seat_madikeri.JPG
66,Nisargadhama,Coorg,"Somewhere in Karnataka, this attraction holds a story worth uncovering.",Island with bamboo groves and a hanging bridge.,"It's a well-known attraction, popular for nature walks.","Visitors flock here for nature walks, boating, deer park visit -- a well-loved spot in Coorg district.",Category: Attraction,Known for: Island with bamboo groves and a hanging bridge,"Popular activities: Nature walks, Boating, Deer park visit",hard,12.3375,75.8069,https://upload.wikimedia.org/wikipedia/commons/thumb/2/26/Nisargadhama_Hanging_Bridge.jpg/500px-Nisargadhama_Hanging_Bridge.jpg
69,Mandala Viewpoint,Coorg,"Somewhere in Karnataka, this hill/viewpoint holds a story worth uncovering.",Hilltop offering panoramic views of valleys and hills.,"It's a well-known hill/viewpoint, popular for sunset viewing.","Visitors flock here for sunset viewing, photography, nature appreciation -- a well-loved spot in Coorg district.",Category: Hill/Viewpoint,Known for: Hilltop offering panoramic views of valleys and hills,"Popular activities: Sunset viewing, Photography, Nature appreciation",hard,12.3375,75.8069,https://upload.wikimedia.org/wikipedia/commons/thumb/3/35/Pashupatinath_Temple_Nepal_IMG_7933_2018_15.jpg/500px-Pashupatinath_Temple_Nepal_IMG_7933_2018_15.jpg
72,Iruppu Falls,Coorg,"Somewhere in Karnataka, this temple holds a story worth uncovering.",Cascading waterfall with a Shiva temple nearby.,"It's a well-known temple, popular for photography.","Visitors flock here for photography, nature walks, religious visit -- a well-loved spot in Coorg district.",Category: Temple,Known for: Cascading waterfall with a Shiva temple nearby,"Popular activities: Photography, Nature walks, Religious visit",hard,12.3375,75.8069,https://upload.wikimedia.org/wikipedia/commons/thumb/1/17/Tadiandamol_Valley%2C_Western_Ghats.jpg/500px-Tadiandamol_Valley%2C_Western_Ghats.jpg
75,Honey Valley Estate,Coorg,"Somewhere in Karnataka, this attraction holds a story worth uncovering.",Organic farm and nature retreat.,"It's a well-known attraction, popular for nature stay.","Visitors flock here for nature stay, honey tasting, trekking -- a well-loved spot in Coorg district.",Category: Attraction,Known for: Organic farm and nature retreat,"Popular activities: Nature stay, Honey tasting, Trekking",hard,12.3375,75.8069,https://upload.wikimedia.org/wikipedia/commons/thumb/b/ba/Pusch_Ridge_from_Oro_Valley.jpg/500px-Pusch_Ridge_from_Oro_Valley.jpg
78,Harangi Dam,Coorg,"Somewhere in Karnataka, this attraction holds a story worth uncovering.",Reservoir built across the Harangi River.,"It's a well-known attraction, popular for picnic.","Visitors flock here for picnic, photography, boating (seasonal) -- a well-loved spot in Coorg district.",Category: Attraction,Known for: Reservoir built across the Harangi River,"Popular activities: Picnic, Photography, Boating (seasonal)",hard,12.3375,75.8069,https://upload.wikimedia.org/wikipedia/commons/thumb/1/17/Tadiandamol_Valley%2C_Western_Ghats.jpg/500px-Tadiandamol_Valley%2C_Western_Ghats.jpg
81,Pushpagiri Wildlife Sanctuary,Coorg,"Somewhere in Karnataka, this wildlife sanctuary holds a story worth uncovering.",Known for trekking and diverse birdlife.,"It's a well-known wildlife sanctuary, popular for trekking.","Visitors flock here for trekking, bird watching, nature photography -- a well-loved spot in Coorg district.",Category: Wildlife Sanctuary,Known for: Known for trekking and diverse birdlife,"Popular activities: Trekking, Bird watching, Nature photography",hard,12.3375,75.8069,https://upload.wikimedia.org/wikipedia/commons/thumb/1/17/Tadiandamol_Valley%2C_Western_Ghats.jpg/500px-Tadiandamol_Valley%2C_Western_Ghats.jpg
41,Virupaksha Temple,Hampi,"Somewhere in Karnataka, this temple holds a story worth uncovering.","Ancient active Shiva temple, central to this region.","It's a well-known temple, popular for pilgrimage.","Visitors flock here for pilgrimage, architecture study, photography -- a well-loved spot in Hampi district.",Category: Temple,"Known for: Ancient active Shiva temple, central to Hampi","Popular activities: Pilgrimage, Architecture study, Photography",easy,15.335,76.46,https://upload.wikimedia.org/wikipedia/commons/thumb/b/b9/Complex_of_Virupaksha_Temple%2C_Hampi_%2804%29.jpg/500px-Complex_of_Virupaksha_Temple%2C_Hampi_%2804%29.jpg
44,Lotus Mahal,Hampi,"Somewhere in Karnataka, this attraction holds a story worth uncovering.",Indo-Islamic architecture for royal ladies.,"It's a well-known attraction, popular for photography.","Visitors flock here for photography, architecture appreciation -- a well-loved spot in Hampi district.",Category: Attraction,Known for: Indo-Islamic architecture for royal ladies,"Popular activities: Photography, Architecture appreciation",easy,15.335,76.46,https://upload.wikimedia.org/wikipedia/commons/thumb/a/ac/Flat_elevation_of_Lotus_Mahal%2C_Hampi_%28Closeup%29.jpg/500px-Flat_elevation_of_Lotus_Mahal%2C_Hampi_%28Closeup%29.jpg
47,Queen's Bath,Hampi,"Somewhere in Karnataka, this attraction holds a story worth uncovering.",Royal bathing complex with Indo-Islamic design.,"It's a well-known attraction, popular for architecture appreciation.","Visitors flock here for architecture appreciation, history tour -- a well-loved spot in Hampi district.",Category: Attraction,Known for: Royal bathing complex with Indo-Islamic design,"Popular activities: Architecture appreciation, History tour",easy,15.335,76.46,https://upload.wikimedia.org/wikipedia/commons/thumb/d/dd/Wide_angle_of_Galigopuram_of_Virupaksha_Temple%2C_Hampi_%2804%29_%28cropped%29.jpg/500px-Wide_angle_of_Galigopuram_of_Virupaksha_Temple%2C_Hampi_%2804%29_%28cropped%29.jpg
50,Stepped Tank (Pushkarani),Hampi,"Somewhere in Karnataka, this attraction holds a story worth uncovering.",Sacred ceremonial tank.,"It's a well-known attraction, popular for photography.","Visitors flock here for photography, architecture appreciation -- a well-loved spot in Hampi district.",Category: Attraction,Known for: Sacred ceremonial tank,"Popular activities: Photography, Architecture appreciation",easy,15.335,76.46,https://upload.wikimedia.org/wikipedia/commons/thumb/d/dd/Wide_angle_of_Galigopuram_of_Virupaksha_Temple%2C_Hampi_%2804%29_%28cropped%29.jpg/500px-Wide_angle_of_Galigopuram_of_Virupaksha_Temple%2C_Hampi_%2804%29_%28cropped%29.jpg
53,Badavilinga Temple,Hampi,"Somewhere in Karnataka, this temple holds a story worth uncovering.",Large monolithic Shiva lingam.,"It's a well-known temple, popular for pilgrimage.","Visitors flock here for pilgrimage, photography -- a well-loved spot in Hampi district.",Category: Temple,Known for: Large monolithic Shiva lingam,"Popular activities: Pilgrimage, Photography",easy,15.335,76.46,https://upload.wikimedia.org/wikipedia/commons/thumb/4/4d/The_Magnificent_Siva_Lingam%2C_Hampi.jpg/500px-The_Magnificent_Siva_Lingam%2C_Hampi.jpg
56,Achyutaraya Temple,Hampi,"Somewhere in Karnataka, this temple holds a story worth uncovering.",Vivid ruins with a grand entrance.,"It's a well-known temple, popular for architecture study.","Visitors flock here for architecture study, trekking, photography -- a well-loved spot in Hampi district.",Category: Temple,Known for: Vivid ruins with a grand entrance,"Popular activities: Architecture study, Trekking, Photography",easy,15.335,76.46,https://upload.wikimedia.org/wikipedia/commons/thumb/d/dd/Wide_angle_of_Galigopuram_of_Virupaksha_Temple%2C_Hampi_%2804%29_%28cropped%29.jpg/500px-Wide_angle_of_Galigopuram_of_Virupaksha_Temple%2C_Hampi_%2804%29_%28cropped%29.jpg
59,Matanga Hill,Hampi,"Somewhere in Karnataka, this hill/viewpoint holds a story worth uncovering.",Highest point in this region for sunrise/sunset.,"It's a well-known hill/viewpoint, popular for sunrise/sunset viewing.","Visitors flock here for sunrise/sunset viewing, trekking, photography -- a well-loved spot in Hampi district.",Category: Hill/Viewpoint,Known for: Highest point in Hampi for sunrise/sunset,"Popular activities: Sunrise/sunset viewing, Trekking, Photography",easy,15.335,76.46,https://upload.wikimedia.org/wikipedia/commons/thumb/d/dd/Wide_angle_of_Galigopuram_of_Virupaksha_Temple%2C_Hampi_%2804%29_%28cropped%29.jpg/500px-Wide_angle_of_Galigopuram_of_Virupaksha_Temple%2C_Hampi_%2804%29_%28cropped%29.jpg
42,Vitthala Temple,Hampi,"Somewhere in Karnataka, this temple holds a story worth uncovering.",Famous for musical pillars and stone chariot.,"It's a well-known temple, popular for architecture appreciation.","Visitors flock here for architecture appreciation, history tour, photography -- a well-loved spot in Hampi district.",Category: Temple,Known for: Famous for musical pillars and stone chariot,"Popular activities: Architecture appreciation, History tour, Photography",medium,15.335,76.46,https://upload.wikimedia.org/wikipedia/commons/thumb/d/dd/Wide_angle_of_Galigopuram_of_Virupaksha_Temple%2C_Hampi_%2804%29_%28cropped%29.jpg/500px-Wide_angle_of_Galigopuram_of_Virupaksha_Temple%2C_Hampi_%2804%29_%28cropped%29.jpg
45,Elephant Stables,Hampi,"Somewhere in Karnataka, this attraction holds a story worth uncovering.",Domed chambers for royal elephants.,"It's a well-known attraction, popular for history tour.","Visitors flock here for history tour, photography -- a well-loved spot in Hampi district.",Category: Attraction,Known for: Domed chambers for royal elephants,"Popular activities: History tour, Photography",medium,15.335,76.46,https://upload.wikimedia.org/wikipedia/commons/thumb/d/dd/Wide_angle_of_Galigopuram_of_Virupaksha_Temple%2C_Hampi_%2804%29_%28cropped%29.jpg/500px-Wide_angle_of_Galigopuram_of_Virupaksha_Temple%2C_Hampi_%2804%29_%28cropped%29.jpg
48,Hampi Bazaar,Hampi,"Somewhere in Karnataka, this temple holds a story worth uncovering.",Ancient market street near Virupaksha Temple.,"It's a well-known temple, popular for shopping for souvenirs.","Visitors flock here for shopping for souvenirs, local food tasting, street photography -- a well-loved spot in Hampi district.",Category: Temple,Known for: Ancient market street near Virupaksha Temple,"Popular activities: Shopping for souvenirs, Local food tasting, Street photography",medium,15.335,76.46,https://upload.wikimedia.org/wikipedia/commons/thumb/d/dd/Wide_angle_of_Galigopuram_of_Virupaksha_Temple%2C_Hampi_%2804%29_%28cropped%29.jpg/500px-Wide_angle_of_Galigopuram_of_Virupaksha_Temple%2C_Hampi_%2804%29_%28cropped%29.jpg
51,Monolithic Nandi,Hampi,"Somewhere in Karnataka, this attraction holds a story worth uncovering.",Large Nandi statue near this region Bazaar.,"It's a well-known attraction, popular for photography.","Visitors flock here for photography, religious visit -- a well-loved spot in Hampi district.",Category: Attraction,Known for: Large Nandi statue near Hampi Bazaar,"Popular activities: Photography, Religious visit",medium,15.335,76.46,https://upload.wikimedia.org/wikipedia/commons/thumb/d/dd/Wide_angle_of_Galigopuram_of_Virupaksha_Temple%2C_Hampi_%2804%29_%28cropped%29.jpg/500px-Wide_angle_of_Galigopuram_of_Virupaksha_Temple%2C_Hampi_%2804%29_%28cropped%29.jpg
54,Kadale Kalu Ganesha Temple,Hampi,"Somewhere in Karnataka, this temple holds a story worth uncovering.",Huge Ganesha statue carved from a single boulder.,"It's a well-known temple, popular for religious visit.","Visitors flock here for religious visit, photography -- a well-loved spot in Hampi district.",Category: Temple,Known for: Huge Ganesha statue carved from a single boulder,"Popular activities: Religious visit, Photography",medium,15.335,76.46,https://placehold.co/500x350/1c433c/8fe0a8?font=roboto&text=Kadale%20Kalu%20Ganesha%20Temple
57,Tungabhadra River,Hampi,"Somewhere in Karnataka, this attraction holds a story worth uncovering.",Scenic river for coracle rides.,"It's a well-known attraction, popular for coracle ride.","Visitors flock here for coracle ride, photography, relaxation -- a well-loved spot in Hampi district.",Category: Attraction,Known for: Scenic river for coracle rides,"Popular activities: Coracle ride, Photography, Relaxation",medium,15.335,76.46,https://upload.wikimedia.org/wikipedia/commons/thumb/3/3b/Hampi%2C_Tungabhadra_River%2C_India.jpg/500px-Hampi%2C_Tungabhadra_River%2C_India.jpg
60,Coracle Ride,Hampi,"Somewhere in Karnataka, this attraction holds a story worth uncovering.",Traditional boat ride on Tungabhadra River.,"It's a well-known attraction, popular for river exploration.","Visitors flock here for river exploration, photography, unique experience -- a well-loved spot in Hampi district.",Category: Attraction,Known for: Traditional boat ride on Tungabhadra River,"Popular activities: River exploration, Photography, Unique experience",medium,15.335,76.46,https://upload.wikimedia.org/wikipedia/commons/thumb/b/b4/Coracles_River_Teifi.jpg/500px-Coracles_River_Teifi.jpg
43,Stone Chariot,Hampi,"Somewhere in Karnataka, this temple holds a story worth uncovering.",Iconic stone structure at Vitthala Temple.,"It's a well-known temple, popular for photography.","Visitors flock here for photography, architecture study -- a well-loved spot in Hampi district.",Category: Temple,Known for: Iconic stone structure at Vitthala Temple,"Popular activities: Photography, Architecture study",hard,15.335,76.46,https://upload.wikimedia.org/wikipedia/commons/thumb/d/dd/Wide_angle_of_Galigopuram_of_Virupaksha_Temple%2C_Hampi_%2804%29_%28cropped%29.jpg/500px-Wide_angle_of_Galigopuram_of_Virupaksha_Temple%2C_Hampi_%2804%29_%28cropped%29.jpg
46,Hemakuta Hill Temples,Hampi,"Somewhere in Karnataka, this temple holds a story worth uncovering.",Cluster of temples offering sunset views.,"It's a well-known temple, popular for sunset viewing.","Visitors flock here for sunset viewing, photography, temple visit -- a well-loved spot in Hampi district.",Category: Temple,Known for: Cluster of temples offering sunset views,"Popular activities: Sunset viewing, Photography, Temple visit",hard,15.335,76.46,https://upload.wikimedia.org/wikipedia/commons/thumb/d/dd/Wide_angle_of_Galigopuram_of_Virupaksha_Temple%2C_Hampi_%2804%29_%28cropped%29.jpg/500px-Wide_angle_of_Galigopuram_of_Virupaksha_Temple%2C_Hampi_%2804%29_%28cropped%29.jpg
49,Hazara Rama Temple,Hampi,"Somewhere in Karnataka, this temple holds a story worth uncovering.",Private royal temple with intricate carvings.,"It's a well-known temple, popular for architecture study.","Visitors flock here for architecture study, mythology exploration -- a well-loved spot in Hampi district.",Category: Temple,Known for: Private royal temple with intricate carvings,"Popular activities: Architecture study, Mythology exploration",hard,15.335,76.46,https://upload.wikimedia.org/wikipedia/commons/thumb/d/dd/Wide_angle_of_Galigopuram_of_Virupaksha_Temple%2C_Hampi_%2804%29_%28cropped%29.jpg/500px-Wide_angle_of_Galigopuram_of_Virupaksha_Temple%2C_Hampi_%2804%29_%28cropped%29.jpg
52,King's Balance,Hampi,"Somewhere in Karnataka, this attraction holds a story worth uncovering.",Ancient balance for royal donations.,"It's a well-known attraction, popular for history study.","Visitors flock here for history study, photography -- a well-loved spot in Hampi district.",Category: Attraction,Known for: Ancient balance for royal donations,"Popular activities: History study, Photography",hard,15.335,76.46,https://upload.wikimedia.org/wikipedia/commons/thumb/d/dd/Wide_angle_of_Galigopuram_of_Virupaksha_Temple%2C_Hampi_%2804%29_%28cropped%29.jpg/500px-Wide_angle_of_Galigopuram_of_Virupaksha_Temple%2C_Hampi_%2804%29_%28cropped%29.jpg
55,Sasivekalu Ganesha Temple,Hampi,"Somewhere in Karnataka, this temple holds a story worth uncovering.",Ganesha statue with a cobra canopy.,"It's a well-known temple, popular for religious visit.","Visitors flock here for religious visit, photography -- a well-loved spot in Hampi district.",Category: Temple,Known for: Ganesha statue with a cobra canopy,"Popular activities: Religious visit, Photography",hard,15.335,76.46,https://upload.wikimedia.org/wikipedia/commons/thumb/d/dd/Wide_angle_of_Galigopuram_of_Virupaksha_Temple%2C_Hampi_%2804%29_%28cropped%29.jpg/500px-Wide_angle_of_Galigopuram_of_Virupaksha_Temple%2C_Hampi_%2804%29_%28cropped%29.jpg
58,Anjanadri Hill,Hampi,"Somewhere in Karnataka, this hill/viewpoint holds a story worth uncovering.","Birthplace of Lord Hanuman, great sunset views.","It's a well-known hill/viewpoint, popular for trekking.","Visitors flock here for trekking, sunset viewing, religious visit -- a well-loved spot in Hampi district.",Category: Hill/Viewpoint,"Known for: Birthplace of Lord Hanuman, great sunset views","Popular activities: Trekking, Sunset viewing, Religious visit",hard,15.335,76.46,https://upload.wikimedia.org/wikipedia/commons/thumb/3/38/Panorama_of_Hampi_from_Anjaneyadri_hill.jpg/500px-Panorama_of_Hampi_from_Anjaneyadri_hill.jpg
188,"Chennakeshava Temple, Belur",Hassan,"Somewhere in Karnataka, this temple holds a story worth uncovering.",12th-century masterpiece of Hoysala architecture.,"It's a well-known temple, popular for architecture photography.","Visitors flock here for architecture photography, history tour, pilgrimage -- a well-loved spot in Hassan district.",Category: Temple,Known for: 12th-century masterpiece of Hoysala architecture,"Popular activities: Architecture photography, History tour, Pilgrimage",medium,13.0072,76.0962,https://upload.wikimedia.org/wikipedia/commons/thumb/0/0a/The_Courtyard_of_Chennakesava_Temple_-_Belur.jpg/500px-The_Courtyard_of_Chennakesava_Temple_-_Belur.jpg
191,Shettihalli Rosary Church,Hassan,"Somewhere in Karnataka, this attraction holds a story worth uncovering.",Gothic-style church that remains submerged during monsoons.,"It's a well-known attraction, popular for sunset photography.","Visitors flock here for sunset photography, boat ride to the ruins, history tour -- a well-loved spot in Hassan district.",Category: Attraction,Known for: Gothic-style church that remains submerged during monsoons,"Popular activities: Sunset photography, Boat ride to the ruins, History tour",medium,13.0072,76.0962,https://upload.wikimedia.org/wikipedia/commons/thumb/f/fb/Shettihalli_Church..jpg/500px-Shettihalli_Church..jpg
194,Gorur Dam (Hemavati Dam),Hassan,"Somewhere in Karnataka, this attraction holds a story worth uncovering.",Large reservoir on the Hemavati river with scenic views.,"It's a well-known attraction, popular for picnic.","Visitors flock here for picnic, bird watching, photography during water release -- a well-loved spot in Hassan district.",Category: Attraction,Known for: Large reservoir on the Hemavati river with scenic views,"Popular activities: Picnic, Bird watching, Photography during water release",medium,13.0072,76.0962,https://upload.wikimedia.org/wikipedia/commons/thumb/d/d1/Gorur_Dam-1.jpg/500px-Gorur_Dam-1.jpg
197,Maharaja Park,Hassan,"Somewhere in Karnataka, this park holds a story worth uncovering.",Lush green lung of this region city with tall trees.,"It's a well-known park, popular for evening walks.","Visitors flock here for evening walks, family picnic, children's play area -- a well-loved spot in Hassan district.",Category: Park,Known for: Lush green lung of Hassan city with tall trees,"Popular activities: Evening walks, Family picnic, Children's play area",medium,13.0072,76.0962,https://upload.wikimedia.org/wikipedia/commons/thumb/4/4b/Hampi_virupaksha_temple.jpg/500px-Hampi_virupaksha_temple.jpg
200,"Ishvara Temple, Arasikere",Hassan,"Somewhere in Karnataka, this temple holds a story worth uncovering.",Unique star-shaped Hoysala temple with complex design.,"It's a well-known temple, popular for architecture photography.","Visitors flock here for architecture photography, religious visit -- a well-loved spot in Hassan district.",Category: Temple,Known for: Unique star-shaped Hoysala temple with complex design,"Popular activities: Architecture photography, Religious visit",medium,13.0072,76.0962,https://upload.wikimedia.org/wikipedia/commons/thumb/a/a7/Le_temple_Kalameshwara_%28Arsikere%2C_Inde%29_%2814571148061%29.jpg/500px-Le_temple_Kalameshwara_%28Arsikere%2C_Inde%29_%2814571148061%29.jpg
203,"Lakshmi Narasimha Temple, Nuggehalli",Hassan,"Somewhere in Karnataka, this temple holds a story worth uncovering.",Well-preserved temple with detailed outdoor sculptures.,"It's a well-known temple, popular for architecture study.","Visitors flock here for architecture study, pilgrimage, photography -- a well-loved spot in Hassan district.",Category: Temple,Known for: Well-preserved temple with detailed outdoor sculptures,"Popular activities: Architecture study, Pilgrimage, Photography",medium,13.0072,76.0962,https://upload.wikimedia.org/wikipedia/commons/thumb/1/16/Lakshmi_Narasimha_temple_at_Nuggehalli.JPG/500px-Lakshmi_Narasimha_temple_at_Nuggehalli.JPG
206,"Allalanatha Temple, Kondajji",Hassan,"Somewhere in Karnataka, this temple holds a story worth uncovering.",Houses a 14-foot tall idol of Lord Chennakeshava.,"It's a well-known temple, popular for pilgrimage.","Visitors flock here for pilgrimage, viewing the massive stone idol -- a well-loved spot in Hassan district.",Category: Temple,Known for: Houses a 14-foot tall idol of Lord Chennakeshava,"Popular activities: Pilgrimage, Viewing the massive stone idol",medium,13.0072,76.0962,https://placehold.co/500x350/1c433c/8fe0a8?font=roboto&text=Allalanatha%20Temple%2C%20Kondajji
209,Yagachi Dam,Hassan,"Somewhere in Karnataka, this attraction holds a story worth uncovering.",Water sports hub on the Yagachi river.,"It's a well-known attraction, popular for kayaking.","Visitors flock here for kayaking, jet skiing, speed boating, picnic -- a well-loved spot in Hassan district.",Category: Attraction,Known for: Water sports hub on the Yagachi river,"Popular activities: Kayaking, Jet skiing, Speed boating, Picnic",medium,13.0072,76.0962,https://upload.wikimedia.org/wikipedia/commons/thumb/2/25/Bahubali_sravanabelagola_heritageplace.jpg/500px-Bahubali_sravanabelagola_heritageplace.jpg
212,Gendekatte Park,Hassan,"Somewhere in Karnataka, this park holds a story worth uncovering.",Deer park and forest reserve near this region town.,"It's a well-known park, popular for wildlife viewing.","Visitors flock here for wildlife viewing, morning walks, nature photography -- a well-loved spot in Hassan district.",Category: Park,Known for: Deer park and forest reserve near Hassan town,"Popular activities: Wildlife viewing, Morning walks, Nature photography",medium,13.0072,76.0962,https://upload.wikimedia.org/wikipedia/commons/thumb/0/03/Hassan._court_-1.jpg/500px-Hassan._court_-1.jpg
215,"Yoganarasimha Swamy Temple, Gorur",Hassan,"Somewhere in Karnataka, this temple holds a story worth uncovering.",Historic temple on the banks of the Hemavati.,"It's a well-known temple, popular for pilgrimage.","Visitors flock here for pilgrimage, river-side relaxation, photography -- a well-loved spot in Hassan district.",Category: Temple,Known for: Historic temple on the banks of the Hemavati,"Popular activities: Pilgrimage, River-side relaxation, Photography",medium,13.0072,76.0962,https://placehold.co/500x350/1c433c/8fe0a8?font=roboto&text=Yoganarasimha%20Swamy%20Temple%2C%20Gorur
189,"Hoysaleswara Temple, Halebidu",Hassan,"Somewhere in Karnataka, this temple holds a story worth uncovering.",Massive twin temples with intricate stone carvings.,"It's a well-known temple, popular for studying mythological reliefs.","Visitors flock here for studying mythological reliefs, photography, sightseeing -- a well-loved spot in Hassan district.",Category: Temple,Known for: Massive twin temples with intricate stone carvings,"Popular activities: Studying mythological reliefs, Photography, Sightseeing",hard,13.0072,76.0962,https://upload.wikimedia.org/wikipedia/commons/thumb/0/0d/Hoysaleshwara_temple_in_Monsoon.JPG/500px-Hoysaleshwara_temple_in_Monsoon.JPG
190,"Gomateshwara Statue, Shravanabelagola",Hassan,"Somewhere in Karnataka, this attraction holds a story worth uncovering.",57-foot tall monolithic statue of Lord Bahubali.,"It's a well-known attraction, popular for climbing vindhyagiri hill.","Visitors flock here for climbing vindhyagiri hill, pilgrimage, panoramic viewing -- a well-loved spot in Hassan district.",Category: Attraction,Known for: 57-foot tall monolithic statue of Lord Bahubali,"Popular activities: Climbing Vindhyagiri hill, Pilgrimage, Panoramic viewing",hard,13.0072,76.0962,https://upload.wikimedia.org/wikipedia/commons/thumb/4/4b/Hampi_virupaksha_temple.jpg/500px-Hampi_virupaksha_temple.jpg
192,Manjarabad Fort,Hassan,"Somewhere in Karnataka, this fort holds a story worth uncovering.",Star-shaped fort built by Tipu Sultan in 1792.,"It's a well-known fort, popular for fort trekking.","Visitors flock here for fort trekking, photography, enjoying views of the western ghats -- a well-loved spot in Hassan district.",Category: Fort,Known for: Star-shaped fort built by Tipu Sultan in 1792,"Popular activities: Fort trekking, Photography, Enjoying views of the Western Ghats",hard,13.0072,76.0962,https://upload.wikimedia.org/wikipedia/commons/thumb/5/55/Manjarabad_Fort_2.jpg/500px-Manjarabad_Fort_2.jpg
193,Hasanamba Temple,Hassan,"Somewhere in Karnataka, this temple holds a story worth uncovering.","Temple dedicated to Goddess Shakti, open only during Diwali.","It's a well-known temple, popular for pilgrimage.","Visitors flock here for pilgrimage, witnessing local religious traditions -- a well-loved spot in Hassan district.",Category: Temple,"Known for: Temple dedicated to Goddess Shakti, open only during Diwali","Popular activities: Pilgrimage, Witnessing local religious traditions",hard,13.0072,76.0962,https://upload.wikimedia.org/wikipedia/en/thumb/b/b6/Hasanaba_Devi.jpg/500px-Hasanaba_Devi.jpg
195,Bisle Ghat,Hassan,"Somewhere in Karnataka, this attraction holds a story worth uncovering.",Dense forest viewpoint overlooking three mountain ranges.,"It's a well-known attraction, popular for nature photography.","Visitors flock here for nature photography, trekking, wildlife spotting -- a well-loved spot in Hassan district.",Category: Attraction,Known for: Dense forest viewpoint overlooking three mountain ranges,"Popular activities: Nature photography, Trekking, Wildlife spotting",hard,13.0072,76.0962,https://upload.wikimedia.org/wikipedia/commons/thumb/2/25/Bahubali_sravanabelagola_heritageplace.jpg/500px-Bahubali_sravanabelagola_heritageplace.jpg
196,"Lakshmi Devi Temple, Doddagaddavalli",Hassan,"Somewhere in Karnataka, this temple holds a story worth uncovering.",Unique four-shrine (Chatuskuta) Hoysala temple.,"It's a well-known temple, popular for architecture study.","Visitors flock here for architecture study, photography, spiritual visit -- a well-loved spot in Hassan district.",Category: Temple,Known for: Unique four-shrine (Chatuskuta) Hoysala temple,"Popular activities: Architecture study, Photography, Spiritual visit",hard,13.0072,76.0962,https://upload.wikimedia.org/wikipedia/commons/thumb/5/5d/1113_CE_Lakshmi_Devi_temple%2C_Doddagaddavalli_Karnataka.jpg/500px-1113_CE_Lakshmi_Devi_temple%2C_Doddagaddavalli_Karnataka.jpg
198,"Bucheshwara Temple, Koravangala",Hassan,"Somewhere in Karnataka, this temple holds a story worth uncovering.",Elegant 12th-century temple dedicated to Lord Shiva.,"It's a well-known temple, popular for exploring stone carvings.","Visitors flock here for exploring stone carvings, quiet meditation, photography -- a well-loved spot in Hassan district.",Category: Temple,Known for: Elegant 12th-century temple dedicated to Lord Shiva,"Popular activities: Exploring stone carvings, Quiet meditation, Photography",hard,13.0072,76.0962,https://upload.wikimedia.org/wikipedia/commons/thumb/0/03/Hassan._court_-1.jpg/500px-Hassan._court_-1.jpg
199,Hulikere Pond,Hassan,"Somewhere in Karnataka, this attraction holds a story worth uncovering.",Architectural stepwell with shrines representing constellations.,"It's a well-known attraction, popular for history tour.","Visitors flock here for history tour, photography of the stone steps -- a well-loved spot in Hassan district.",Category: Attraction,Known for: Architectural stepwell with shrines representing constellations,"Popular activities: History tour, Photography of the stone steps",hard,13.0072,76.0962,https://upload.wikimedia.org/wikipedia/commons/thumb/8/8d/Krishna_Pushkarani_-_Hampi_Ruins.jpg/500px-Krishna_Pushkarani_-_Hampi_Ruins.jpg
201,"Jain Matt, Shravanabelagola",Hassan,"Somewhere in Karnataka, this attraction holds a story worth uncovering.",Ancient monastery housing 19th-century metal idols.,"It's a well-known attraction, popular for learning about jain history.","Visitors flock here for learning about jain history, seeking blessings, museum visit -- a well-loved spot in Hassan district.",Category: Attraction,Known for: Ancient monastery housing 19th-century metal idols,"Popular activities: Learning about Jain history, Seeking blessings, Museum visit",hard,13.0072,76.0962,https://upload.wikimedia.org/wikipedia/commons/thumb/f/f2/Rishabhdev.png/500px-Rishabhdev.png
202,"Kedareshwara Temple, Halebidu",Hassan,"Somewhere in Karnataka, this temple holds a story worth uncovering.",Intricate temple known for its star-shaped base.,"It's a well-known temple, popular for studying soapstone carvings.","Visitors flock here for studying soapstone carvings, photography -- a well-loved spot in Hassan district.",Category: Temple,Known for: Intricate temple known for its star-shaped base,"Popular activities: Studying soapstone carvings, Photography",hard,13.0072,76.0962,https://upload.wikimedia.org/wikipedia/commons/thumb/c/cc/Halebidu_monuments_map%2C_1930_survey%2C_the_Dorasamudra_of_Hoysala_dynasty.jpg/500px-Halebidu_monuments_map%2C_1930_survey%2C_the_Dorasamudra_of_Hoysala_dynasty.jpg
204,Ramanathapura Temples,Hassan,"Somewhere in Karnataka, this temple holds a story worth uncovering.",Cluster of temples on the banks of Cauvery (Dakshina Kashi).,"It's a well-known temple, popular for river bathing.","Visitors flock here for river bathing, temple hopping, spiritual retreat -- a well-loved spot in Hassan district.",Category: Temple,Known for: Cluster of temples on the banks of Cauvery (Dakshina Kashi),"Popular activities: River bathing, Temple hopping, Spiritual retreat",hard,13.0072,76.0962,https://upload.wikimedia.org/wikipedia/commons/thumb/8/8c/Basavapatna_near_Ramanathapura._Hassan_distsrict._%282%29.jpg/500px-Basavapatna_near_Ramanathapura._Hassan_distsrict._%282%29.jpg
205,Twin Temples of Mosale,Hassan,"Somewhere in Karnataka, this temple holds a story worth uncovering.",Nageshwara & Chennakeshava temples built side-by-side.,"It's a well-known temple, popular for comparing shaiva and vaishnava architecture.","Visitors flock here for comparing shaiva and vaishnava architecture, photography -- a well-loved spot in Hassan district.",Category: Temple,Known for: Nageshwara & Chennakeshava temples built side-by-side,"Popular activities: Comparing Shaiva and Vaishnava architecture, Photography",hard,13.0072,76.0962,https://upload.wikimedia.org/wikipedia/commons/thumb/e/ed/Twin_Temples_Nageshswara_%26_Chenna_Kesava_Temple_-_Mosale.jpg/500px-Twin_Temples_Nageshswara_%26_Chenna_Kesava_Temple_-_Mosale.jpg
207,Kappe Chennigaraya Temple,Hassan,"Somewhere in Karnataka, this temple holds a story worth uncovering.",Located within the Belur complex; built by Queen Shantala.,"It's a well-known temple, popular for architecture tour.","Visitors flock here for architecture tour, religious visit -- a well-loved spot in Hassan district.",Category: Temple,Known for: Located within the Belur complex; built by Queen Shantala,"Popular activities: Architecture tour, Religious visit",hard,13.0072,76.0962,https://upload.wikimedia.org/wikipedia/commons/thumb/0/0a/The_Courtyard_of_Chennakesava_Temple_-_Belur.jpg/500px-The_Courtyard_of_Chennakesava_Temple_-_Belur.jpg
208,Chandragiri Hill,Hassan,"Somewhere in Karnataka, this hill/viewpoint holds a story worth uncovering.",Small hill with several historic Jain Bastis.,"It's a well-known hill/viewpoint, popular for trekking.","Visitors flock here for trekking, visiting chavundaraya basadi, history study -- a well-loved spot in Hassan district.",Category: Hill/Viewpoint,Known for: Small hill with several historic Jain Bastis,"Popular activities: Trekking, Visiting Chavundaraya Basadi, History study",hard,13.0072,76.0962,https://upload.wikimedia.org/wikipedia/commons/thumb/f/f9/Old_Kannada_inscription_from_7th_century_at_Chandragiri_hill_in_Shravanabelagola.jpg/500px-Old_Kannada_inscription_from_7th_century_at_Chandragiri_hill_in_Shravanabelagola.jpg
210,Jenukallu Betta,Hassan,"Somewhere in Karnataka, this hill/viewpoint holds a story worth uncovering.",Highest peak in the region with spectacular valley views.,"It's a well-known hill/viewpoint, popular for challenging trekking.","Visitors flock here for challenging trekking, photography, camping -- a well-loved spot in Hassan district.",Category: Hill/Viewpoint,Known for: Highest peak in the region with spectacular valley views,"Popular activities: Challenging trekking, Photography, Camping",hard,13.0072,76.0962,https://placehold.co/500x350/1c433c/8fe0a8?font=roboto&text=Jenukallu%20Betta
211,Parvathamma Betta,Hassan,"Somewhere in Karnataka, this temple holds a story worth uncovering.",Hilltop temple dedicated to Lord Shiva and Parvati.,"It's a well-known temple, popular for adventure trekking.","Visitors flock here for adventure trekking, viewpoint viewing, pilgrimage -- a well-loved spot in Hassan district.",Category: Temple,Known for: Hilltop temple dedicated to Lord Shiva and Parvati,"Popular activities: Adventure trekking, Viewpoint viewing, Pilgrimage",hard,13.0072,76.0962,https://placehold.co/500x350/1c433c/8fe0a8?font=roboto&text=Parvathamma%20Betta
213,Shantala Devi Alcove,Hassan,"Somewhere in Karnataka, this temple holds a story worth uncovering.",Artistic spot inside Halebidu temple dedicated to the Queen.,"It's a well-known temple, popular for art appreciation.","Visitors flock here for art appreciation, photography -- a well-loved spot in Hassan district.",Category: Temple,Known for: Artistic spot inside Halebidu temple dedicated to the Queen,"Popular activities: Art appreciation, Photography",hard,13.0072,76.0962,https://placehold.co/500x350/1c433c/8fe0a8?font=roboto&text=Shantala%20Devi%20Alcove
214,Basti Hill,Hassan,"Somewhere in Karnataka, this hill/viewpoint holds a story worth uncovering.",Hillock featuring several black stone Jain Bastis.,"It's a well-known hill/viewpoint, popular for archaeological exploration.","Visitors flock here for archaeological exploration, quiet contemplation -- a well-loved spot in Hassan district.",Category: Hill/Viewpoint,Known for: Hillock featuring several black stone Jain Bastis,"Popular activities: Archaeological exploration, Quiet contemplation",hard,13.0072,76.0962,https://upload.wikimedia.org/wikipedia/commons/thumb/4/4b/Hampi_virupaksha_temple.jpg/500px-Hampi_virupaksha_temple.jpg
216,Chavundaraya Basadi,Hassan,"Somewhere in Karnataka, this temple holds a story worth uncovering.",Ancient Jain temple with pyramidal roof structure.,"It's a well-known temple, popular for architecture study.","Visitors flock here for architecture study, history tour -- a well-loved spot in Hassan district.",Category: Temple,Known for: Ancient Jain temple with pyramidal roof structure,"Popular activities: Architecture study, History tour",hard,13.0072,76.0962,https://upload.wikimedia.org/wikipedia/commons/thumb/d/d4/Chavundaraya_Basadi_on_Chandragiri_hill_at_Shravanabelagola.jpg/500px-Chavundaraya_Basadi_on_Chandragiri_hill_at_Shravanabelagola.jpg
217,"Sadasiva Temple, Nuggehalli",Hassan,"Somewhere in Karnataka, this temple holds a story worth uncovering.",Ekamukha (single-faced) Shiva temple with Hoysala art.,"It's a well-known temple, popular for religious visit.","Visitors flock here for religious visit, art appreciation, photography -- a well-loved spot in Hassan district.",Category: Temple,Known for: Ekamukha (single-faced) Shiva temple with Hoysala art,"Popular activities: Religious visit, Art appreciation, Photography",hard,13.0072,76.0962,https://upload.wikimedia.org/wikipedia/commons/thumb/e/eb/Sadasiva_temple_at_Nuggehalli_-_Hassan_district_of_Karnataka_state_India_view_of_entire_temple.jpg/500px-Sadasiva_temple_at_Nuggehalli_-_Hassan_district_of_Karnataka_state_India_view_of_entire_temple.jpg
158,Kalaburagi Fort,Kalaburagi,"Somewhere in Karnataka, this fort holds a story worth uncovering.",14th-century Bahmani fort with a massive 29-foot cannon.,"It's a well-known fort, popular for history tour.","Visitors flock here for history tour, fort exploration, photography -- a well-loved spot in Kalaburagi district.",Category: Fort,Known for: 14th-century Bahmani fort with a massive 29-foot cannon,"Popular activities: History tour, Fort exploration, Photography",medium,17.3297,76.8343,https://upload.wikimedia.org/wikipedia/en/thumb/1/17/GulbargaPlaces.png/500px-GulbargaPlaces.png
161,Khwaja Bande Nawaz Dargah,Kalaburagi,"Somewhere in Karnataka, this attraction holds a story worth uncovering.",Shrine of the famous Sufi saint in Indo-Saracenic style.,"It's a well-known attraction, popular for pilgrimage.","Visitors flock here for pilgrimage, architecture study, attending the annual urs -- a well-loved spot in Kalaburagi district.",Category: Attraction,Known for: Shrine of the famous Sufi saint in Indo-Saracenic style,"Popular activities: Pilgrimage, Architecture study, Attending the annual Urs",medium,17.3297,76.8343,https://upload.wikimedia.org/wikipedia/commons/7/70/Portrait_of_Bande_Nawaz%2C_a_Sufi_saint_from_India.jpg
164,Chandrampalli Dam,Kalaburagi,"Somewhere in Karnataka, this hill/viewpoint holds a story worth uncovering.",Scenic dam built across the Bhima river between two hills.,"It's a well-known hill/viewpoint, popular for boating.","Visitors flock here for boating, jungle trekking, island visits, picnic -- a well-loved spot in Kalaburagi district.",Category: Hill/Viewpoint,Known for: Scenic dam built across the Bhima river between two hills,"Popular activities: Boating, Jungle trekking, Island visits, Picnic",medium,17.3297,76.8343,https://placehold.co/500x350/1c433c/8fe0a8?font=roboto&text=Chandrampalli%20Dam
167,Chandralamba Temple (Sannati),Kalaburagi,"Somewhere in Karnataka, this temple holds a story worth uncovering.",Ancient temple located on the banks of the Bhima river.,"It's a well-known temple, popular for pilgrimage.","Visitors flock here for pilgrimage, river-side relaxation, architecture study -- a well-loved spot in Kalaburagi district.",Category: Temple,Known for: Ancient temple located on the banks of the Bhima river,"Popular activities: Pilgrimage, River-side relaxation, Architecture study",medium,17.3297,76.8343,https://placehold.co/500x350/1c433c/8fe0a8?font=roboto&text=Chandralamba%20Temple%20%28Sannati%29
170,Brahmapur Temple,Kalaburagi,"Somewhere in Karnataka, this temple holds a story worth uncovering.",One of the oldest temples in the city area.,"It's a well-known temple, popular for pilgrimage.","Visitors flock here for pilgrimage, viewing traditional festivals -- a well-loved spot in Kalaburagi district.",Category: Temple,Known for: One of the oldest temples in the city area,"Popular activities: Pilgrimage, Viewing traditional festivals",medium,17.3297,76.8343,https://upload.wikimedia.org/wikipedia/commons/thumb/9/99/Mahendragiri_Hills.jpg/500px-Mahendragiri_Hills.jpg
173,Chincholi Wildlife Sanctuary,Kalaburagi,"Somewhere in Karnataka, this wildlife sanctuary holds a story worth uncovering.",The only dry deciduous forest in North Karnataka.,"It's a well-known wildlife sanctuary, popular for trekking.","Visitors flock here for trekking, wildlife spotting, nature photography -- a well-loved spot in Kalaburagi district.",Category: Wildlife Sanctuary,Known for: The only dry deciduous forest in North Karnataka,"Popular activities: Trekking, Wildlife spotting, Nature photography",medium,17.3297,76.8343,https://placehold.co/500x350/1c433c/8fe0a8?font=roboto&text=Chincholi%20Wildlife%20Sanctuary
176,Malkhed Fort,Kalaburagi,"Somewhere in Karnataka, this fort holds a story worth uncovering.",Former capital of the Rashtrakuta dynasty.,"It's a well-known fort, popular for history tour.","Visitors flock here for history tour, fort trekking, photography -- a well-loved spot in Kalaburagi district.",Category: Fort,Known for: Former capital of the Rashtrakuta dynasty,"Popular activities: History tour, Fort trekking, Photography",medium,17.3297,76.8343,https://upload.wikimedia.org/wikipedia/commons/thumb/a/af/India_Karnataka_Divisions_map.png/500px-India_Karnataka_Divisions_map.png
179,Yadgir Hill Fort (Nearby),Kalaburagi,"Somewhere in Karnataka, this fort holds a story worth uncovering.",Massive hill fort with unique natural rock formations.,"It's a well-known fort, popular for adventure trekking.","Visitors flock here for adventure trekking, fort exploration, viewing the city -- a well-loved spot in Kalaburagi district.",Category: Fort,Known for: Massive hill fort with unique natural rock formations,"Popular activities: Adventure trekking, Fort exploration, Viewing the city",medium,17.3297,76.8343,https://upload.wikimedia.org/wikipedia/commons/thumb/a/af/India_Karnataka_Divisions_map.png/500px-India_Karnataka_Divisions_map.png
182,Basaveshwara Statue (City Center),Kalaburagi,"Somewhere in Karnataka, this attraction holds a story worth uncovering.",Massive statue of the social reformer Basavanna.,"It's a well-known attraction, popular for photography.","Visitors flock here for photography, sightseeing, city exploration -- a well-loved spot in Kalaburagi district.",Category: Attraction,Known for: Massive statue of the social reformer Basavanna,"Popular activities: Photography, Sightseeing, City exploration",medium,17.3297,76.8343,https://upload.wikimedia.org/wikipedia/commons/thumb/4/4b/Hampi_virupaksha_temple.jpg/500px-Hampi_virupaksha_temple.jpg
185,Bhima River Banks,Kalaburagi,"Somewhere in Karnataka, this attraction holds a story worth uncovering.",Wide river stretches ideal for sunset viewing.,"It's a well-known attraction, popular for sunset photography.","Visitors flock here for sunset photography, fishing, river-side walks -- a well-loved spot in Kalaburagi district.",Category: Attraction,Known for: Wide river stretches ideal for sunset viewing,"Popular activities: Sunset photography, Fishing, River-side walks",medium,17.3297,76.8343,https://upload.wikimedia.org/wikipedia/commons/thumb/e/e9/NUT_7560C.jpg/500px-NUT_7560C.jpg
159,Jama Masjid Gulbarga,Kalaburagi,"Somewhere in Karnataka, this fort holds a story worth uncovering.",Unique mosque built inside the fort with no open courtyard.,"It's a well-known fort, popular for architecture study.","Visitors flock here for architecture study, history tour, photography -- a well-loved spot in Kalaburagi district.",Category: Fort,Known for: Unique mosque built inside the fort with no open courtyard,"Popular activities: Architecture study, History tour, Photography",hard,17.3297,76.8343,https://upload.wikimedia.org/wikipedia/en/thumb/1/17/GulbargaPlaces.png/500px-GulbargaPlaces.png
160,Haft Gumbaz,Kalaburagi,"Somewhere in Karnataka, this attraction holds a story worth uncovering.",Seven tombs of the Bahmani rulers with distinctive domes.,"It's a well-known attraction, popular for history tour.","Visitors flock here for history tour, architecture photography, sightseeing -- a well-loved spot in Kalaburagi district.",Category: Attraction,Known for: Seven tombs of the Bahmani rulers with distinctive domes,"Popular activities: History tour, Architecture photography, Sightseeing",hard,17.3297,76.8343,https://upload.wikimedia.org/wikipedia/en/thumb/1/17/GulbargaPlaces.png/500px-GulbargaPlaces.png
162,Sharana Basaveshwara Temple,Kalaburagi,"Somewhere in Karnataka, this temple holds a story worth uncovering.",Historic Hindu temple dedicated to a 12th-century philosopher.,"It's a well-known temple, popular for pilgrimage.","Visitors flock here for pilgrimage, watching traditional rituals -- a well-loved spot in Kalaburagi district.",Category: Temple,Known for: Historic Hindu temple dedicated to a 12th-century philosopher,"Popular activities: Pilgrimage, Watching traditional rituals",hard,17.3297,76.8343,https://upload.wikimedia.org/wikipedia/commons/thumb/e/e3/Gettyedu-2008.78.51-Retouched.jpg/500px-Gettyedu-2008.78.51-Retouched.jpg
163,Buddha Vihar,Kalaburagi,"Somewhere in Karnataka, this attraction holds a story worth uncovering.",Sprawling Buddhist spiritual center with a grand pagoda.,"It's a well-known attraction, popular for meditation.","Visitors flock here for meditation, museum tour, photography, spiritual retreat -- a well-loved spot in Kalaburagi district.",Category: Attraction,Known for: Sprawling Buddhist spiritual center with a grand pagoda,"Popular activities: Meditation, Museum tour, Photography, Spiritual retreat",hard,17.3297,76.8343,https://upload.wikimedia.org/wikipedia/commons/thumb/e/e3/Buddha_Vihar%2C_Kalaburagi.jpg/500px-Buddha_Vihar%2C_Kalaburagi.jpg
165,Khoroti (Khorooti) Village,Kalaburagi,"Somewhere in Karnataka, this attraction holds a story worth uncovering.",Home to the historic Sayyid Muhammad al-Husayni monument.,"It's a well-known attraction, popular for history tour.","Visitors flock here for history tour, cultural exploration -- a well-loved spot in Kalaburagi district.",Category: Attraction,Known for: Home to the historic Sayyid Muhammad al-Husayni monument,"Popular activities: History tour, Cultural exploration",hard,17.3297,76.8343,https://placehold.co/500x350/1c433c/8fe0a8?font=roboto&text=Khoroti%20%28Khorooti%29%20Village
166,Sannati (Ashokan Edicts),Kalaburagi,"Somewhere in Karnataka, this attraction holds a story worth uncovering.",Archaeological site with Ashokan rock edicts and Buddhist stupas.,"It's a well-known attraction, popular for archaeology study.","Visitors flock here for archaeology study, history tour, museum visit -- a well-loved spot in Kalaburagi district.",Category: Attraction,Known for: Archaeological site with Ashokan rock edicts and Buddhist stupas,"Popular activities: Archaeology study, History tour, Museum visit",hard,17.3297,76.8343,https://upload.wikimedia.org/wikipedia/commons/thumb/0/08/Watch_towers_at_Gulbarga_Fort.JPG/500px-Watch_towers_at_Gulbarga_Fort.JPG
168,Nagavi Ghat,Kalaburagi,"Somewhere in Karnataka, this attraction holds a story worth uncovering.",Scenic riverbank area known for its peaceful environment.,"It's a well-known attraction, popular for river bathing.","Visitors flock here for river bathing, photography, picnic -- a well-loved spot in Kalaburagi district.",Category: Attraction,Known for: Scenic riverbank area known for its peaceful environment,"Popular activities: River bathing, Photography, Picnic",hard,17.3297,76.8343,https://placehold.co/500x350/1c433c/8fe0a8?font=roboto&text=Nagavi%20Ghat
169,Jivargi (Jevargi) Caves,Kalaburagi,"Somewhere in Karnataka, this cave holds a story worth uncovering.",Ancient rock-cut caves used by monks.,"It's a well-known cave, popular for cave exploration.","Visitors flock here for cave exploration, history tour, photography -- a well-loved spot in Kalaburagi district.",Category: Cave,Known for: Ancient rock-cut caves used by monks,"Popular activities: Cave exploration, History tour, Photography",hard,17.3297,76.8343,https://placehold.co/500x350/1c433c/8fe0a8?font=roboto&text=Jivargi%20%28Jevargi%29%20Caves
171,Appa Lake,Kalaburagi,"Somewhere in Karnataka, this lake holds a story worth uncovering.",Pleasant urban lake named after Sharana Basaveshwara.,"It's a well-known lake, popular for evening walks.","Visitors flock here for evening walks, bird watching, relaxation -- a well-loved spot in Kalaburagi district.",Category: Lake,Known for: Pleasant urban lake named after Sharana Basaveshwara,"Popular activities: Evening walks, Bird watching, Relaxation",hard,17.3297,76.8343,https://upload.wikimedia.org/wikipedia/commons/thumb/4/4b/Hampi_virupaksha_temple.jpg/500px-Hampi_virupaksha_temple.jpg
172,Kambleshwar Temple,Kalaburagi,"Somewhere in Karnataka, this temple holds a story worth uncovering.",Known for its unique pillars and ancient stone carvings.,"It's a well-known temple, popular for art appreciation.","Visitors flock here for art appreciation, architecture photography -- a well-loved spot in Kalaburagi district.",Category: Temple,Known for: Known for its unique pillars and ancient stone carvings,"Popular activities: Art appreciation, Architecture photography",hard,17.3297,76.8343,https://placehold.co/500x350/1c433c/8fe0a8?font=roboto&text=Kambleshwar%20Temple
174,Ethipotha Falls,Kalaburagi,"Somewhere in Karnataka, this waterfall holds a story worth uncovering.",Scenic seasonal waterfall located in the hilly terrains.,"It's a well-known waterfall, popular for nature photography.","Visitors flock here for nature photography, picnic, short trekking -- a well-loved spot in Kalaburagi district.",Category: Waterfall,Known for: Scenic seasonal waterfall located in the hilly terrains,"Popular activities: Nature photography, Picnic, Short trekking",hard,17.3297,76.8343,https://placehold.co/500x350/1c433c/8fe0a8?font=roboto&text=Ethipotha%20Falls
175,Ganagapura Dattatreya Temple,Kalaburagi,"Somewhere in Karnataka, this temple holds a story worth uncovering.",Major pilgrimage center at the confluence of Bhima and Amarja.,"It's a well-known temple, popular for pilgrimage.","Visitors flock here for pilgrimage, performing religious rites, river bathing -- a well-loved spot in Kalaburagi district.",Category: Temple,Known for: Major pilgrimage center at the confluence of Bhima and Amarja,"Popular activities: Pilgrimage, Performing religious rites, River bathing",hard,17.3297,76.8343,https://upload.wikimedia.org/wikipedia/commons/thumb/8/84/Bhima_Amrja_Sangam_Ganagapur.JPG/500px-Bhima_Amrja_Sangam_Ganagapur.JPG
177,Uttaradi Matha (Malkhed),Kalaburagi,"Somewhere in Karnataka, this attraction holds a story worth uncovering.",Prominent spiritual center for Madhwa Brahmins.,"It's a well-known attraction, popular for religious visit.","Visitors flock here for religious visit, spiritual study, viewing historical manuscripts -- a well-loved spot in Kalaburagi district.",Category: Attraction,Known for: Prominent spiritual center for Madhwa Brahmins,"Popular activities: Religious visit, Spiritual study, Viewing historical manuscripts",hard,17.3297,76.8343,https://upload.wikimedia.org/wikipedia/commons/thumb/9/96/Sri_Uttaradi_Math_Building_Night_View%2C_Bangalore.jpg/500px-Sri_Uttaradi_Math_Building_Night_View%2C_Bangalore.jpg
178,Sedam Heritage Homes,Kalaburagi,"Somewhere in Karnataka, this attraction holds a story worth uncovering.",Traditional 'wadas' or mansions with intricate woodwork.,"It's a well-known attraction, popular for heritage walk.","Visitors flock here for heritage walk, architecture study, cultural photography -- a well-loved spot in Kalaburagi district.",Category: Attraction,Known for: Traditional 'wadas' or mansions with intricate woodwork,"Popular activities: Heritage walk, Architecture study, Cultural photography",hard,17.3297,76.8343,https://upload.wikimedia.org/wikipedia/en/thumb/1/17/GulbargaPlaces.png/500px-GulbargaPlaces.png
180,Afzalpur Dargah,Kalaburagi,"Somewhere in Karnataka, this attraction holds a story worth uncovering.",Historic shrine attracting people of all faiths.,"It's a well-known attraction, popular for religious visit.","Visitors flock here for religious visit, cultural exploration -- a well-loved spot in Kalaburagi district.",Category: Attraction,Known for: Historic shrine attracting people of all faiths,"Popular activities: Religious visit, Cultural exploration",hard,17.3297,76.8343,https://placehold.co/500x350/1c433c/8fe0a8?font=roboto&text=Afzalpur%20Dargah
181,Sri Revanasiddaeshwara Temple,Kalaburagi,"Somewhere in Karnataka, this temple holds a story worth uncovering.",Famous hilltop temple with a steep stone staircase.,"It's a well-known temple, popular for uphill trekking.","Visitors flock here for uphill trekking, pilgrimage, viewpoint viewing -- a well-loved spot in Kalaburagi district.",Category: Temple,Known for: Famous hilltop temple with a steep stone staircase,"Popular activities: Uphill trekking, Pilgrimage, Viewpoint viewing",hard,17.3297,76.8343,https://placehold.co/500x350/1c433c/8fe0a8?font=roboto&text=Sri%20Revanasiddaeshwara%20Temple
183,Gulbarga Science Centre,Kalaburagi,"Somewhere in Karnataka, this park holds a story worth uncovering.",Educational park with interactive science exhibits.,"It's a well-known park, popular for science park tour.","Visitors flock here for science park tour, educational visit, family fun -- a well-loved spot in Kalaburagi district.",Category: Park,Known for: Educational park with interactive science exhibits,"Popular activities: Science park tour, Educational visit, Family fun",hard,17.3297,76.8343,https://upload.wikimedia.org/wikipedia/commons/thumb/a/af/India_Karnataka_Divisions_map.png/500px-India_Karnataka_Divisions_map.png
184,Sindagi (Sindagi) Fort,Kalaburagi,"Somewhere in Karnataka, this fort holds a story worth uncovering.",Lesser-known ruins of a medieval fort.,"It's a well-known fort, popular for history exploration.","Visitors flock here for history exploration, photography -- a well-loved spot in Kalaburagi district.",Category: Fort,Known for: Lesser-known ruins of a medieval fort,"Popular activities: History exploration, Photography",hard,17.3297,76.8343,https://upload.wikimedia.org/wikipedia/commons/thumb/6/6d/India_Karnataka_locator_map.svg/500px-India_Karnataka_locator_map.svg.png
186,Tomb of Sultan Hassan,Kalaburagi,"Somewhere in Karnataka, this attraction holds a story worth uncovering.",One of the largest and most decorative Bahmani tombs.,"It's a well-known attraction, popular for history tour.","Visitors flock here for history tour, architecture photography -- a well-loved spot in Kalaburagi district.",Category: Attraction,Known for: One of the largest and most decorative Bahmani tombs,"Popular activities: History tour, Architecture photography",hard,17.3297,76.8343,https://upload.wikimedia.org/wikipedia/en/thumb/1/17/GulbargaPlaces.png/500px-GulbargaPlaces.png
187,Aland Dargah,Kalaburagi,"Somewhere in Karnataka, this attraction holds a story worth uncovering.",Spiritual center known for the Ladle Mashak shrine.,"It's a well-known attraction, popular for pilgrimage.","Visitors flock here for pilgrimage, viewing ancient sufi architecture -- a well-loved spot in Kalaburagi district.",Category: Attraction,Known for: Spiritual center known for the Ladle Mashak shrine,"Popular activities: Pilgrimage, Viewing ancient Sufi architecture",hard,17.3297,76.8343,https://upload.wikimedia.org/wikipedia/en/thumb/1/17/GulbargaPlaces.png/500px-GulbargaPlaces.png
131,Krishna Raja Sagara (KRS) Dam,Mandya,"Somewhere in Karnataka, this attraction holds a story worth uncovering.",Engineering marvel and primary water source for the region.,"It's a well-known attraction, popular for viewing the dam.","Visitors flock here for viewing the dam, photography, learning about irrigation history -- a well-loved spot in Mandya district.",Category: Attraction,Known for: Engineering marvel and primary water source for the region,"Popular activities: Viewing the dam, Photography, Learning about irrigation history",medium,12.5242,76.8958,https://upload.wikimedia.org/wikipedia/commons/thumb/8/8e/Krishna_raja_sagara_dam.JPG/500px-Krishna_raja_sagara_dam.JPG
134,Daria Daulat Bagh,Mandya,"Somewhere in Karnataka, this palace holds a story worth uncovering.",The Summer Palace of Tipu Sultan built in teakwood.,"It's a well-known palace, popular for viewing murals and artifacts.","Visitors flock here for viewing murals and artifacts, museum tour, photography -- a well-loved spot in Mandya district.",Category: Palace,Known for: The Summer Palace of Tipu Sultan built in teakwood,"Popular activities: Viewing murals and artifacts, Museum tour, Photography",medium,12.5242,76.8958,https://upload.wikimedia.org/wikipedia/commons/thumb/d/da/Gumbaj_containing_tomb_of_Tipu_Sultan.jpg/500px-Gumbaj_containing_tomb_of_Tipu_Sultan.jpg
137,Yoga Narasimha Swamy Temple,Mandya,"Somewhere in Karnataka, this temple holds a story worth uncovering.",Hilltop temple in Melukote with panoramic views.,"It's a well-known temple, popular for uphill trekking.","Visitors flock here for uphill trekking, pilgrimage, photography -- a well-loved spot in Mandya district.",Category: Temple,Known for: Hilltop temple in Melukote with panoramic views,"Popular activities: Uphill trekking, Pilgrimage, Photography",medium,12.5242,76.8958,https://upload.wikimedia.org/wikipedia/commons/thumb/5/55/Cheluvanarayana_Swamy_Temple_BNC.jpg/500px-Cheluvanarayana_Swamy_Temple_BNC.jpg
140,Balamuri & Yedamuri Falls,Mandya,"Somewhere in Karnataka, this waterfall holds a story worth uncovering.",Small check dams on the Kaveri river.,"It's a well-known waterfall, popular for swimming in shallow waters.","Visitors flock here for swimming in shallow waters, photography, picnic -- a well-loved spot in Mandya district.",Category: Waterfall,Known for: Small check dams on the Kaveri river,"Popular activities: Swimming in shallow waters, Photography, Picnic",medium,12.5242,76.8958,https://placehold.co/500x350/1c433c/8fe0a8?font=roboto&text=Balamuri%20%26%20Yedamuri%20Falls
143,Panchakuta Basadi,Mandya,"Somewhere in Karnataka, this temple holds a story worth uncovering.",10th-century Jain temple complex in Kambadahalli.,"It's a well-known temple, popular for history study.","Visitors flock here for history study, architecture photography -- a well-loved spot in Mandya district.",Category: Temple,Known for: 10th-century Jain temple complex in Kambadahalli,"Popular activities: History study, Architecture photography",medium,12.5242,76.8958,https://upload.wikimedia.org/wikipedia/commons/thumb/2/29/Panchakuta_Basadi_%2810th_century_AD%29_at_Kambadahalli.JPG/500px-Panchakuta_Basadi_%2810th_century_AD%29_at_Kambadahalli.JPG
146,Basaralu Temple,Mandya,"Somewhere in Karnataka, this temple holds a story worth uncovering.",Intricately carved Hoysala temple dedicated to Mallikarjuna.,"It's a well-known temple, popular for architecture photography.","Visitors flock here for architecture photography, art appreciation -- a well-loved spot in Mandya district.",Category: Temple,Known for: Intricately carved Hoysala temple dedicated to Mallikarjuna,"Popular activities: Architecture photography, Art appreciation",medium,12.5242,76.8958,https://upload.wikimedia.org/wikipedia/commons/thumb/8/82/Mallikarjuna_Temple_at_Basaral.jpg/500px-Mallikarjuna_Temple_at_Basaral.jpg
149,Pandavapura,Mandya,"Somewhere in Karnataka, this attraction holds a story worth uncovering.",Town associated with the exile of the Pandavas.,"It's a well-known attraction, popular for history exploration.","Visitors flock here for history exploration, visiting the nearby hills -- a well-loved spot in Mandya district.",Category: Attraction,Known for: Town associated with the exile of the Pandavas,"Popular activities: History exploration, Visiting the nearby hills",medium,12.5242,76.8958,https://upload.wikimedia.org/wikipedia/commons/thumb/5/59/Pandavapura_lake.jpg/500px-Pandavapura_lake.jpg
152,Shimsha Hydroelectric Project,Mandya,"Somewhere in Karnataka, this attraction holds a story worth uncovering.",One of the oldest hydroelectric power plants in Asia.,"It's a well-known attraction, popular for educational tour.","Visitors flock here for educational tour, viewing the shimsha falls -- a well-loved spot in Mandya district.",Category: Attraction,Known for: One of the oldest hydroelectric power plants in Asia,"Popular activities: Educational tour, Viewing the Shimsha falls",medium,12.5242,76.8958,https://placehold.co/500x350/1c433c/8fe0a8?font=roboto&text=Shimsha%20Hydroelectric%20Project
155,Wellesley Bridge,Mandya,"Somewhere in Karnataka, this attraction holds a story worth uncovering.",Historic stone bridge built across the Kaveri.,"It's a well-known attraction, popular for architecture study.","Visitors flock here for architecture study, photography -- a well-loved spot in Mandya district.",Category: Attraction,Known for: Historic stone bridge built across the Kaveri,"Popular activities: Architecture study, Photography",medium,12.5242,76.8958,https://upload.wikimedia.org/wikipedia/commons/thumb/f/f5/Gopuram_of_the_Ranganathaswamy_Temple%2C_Srirangapatna_Karnataka_India.jpg/500px-Gopuram_of_the_Ranganathaswamy_Temple%2C_Srirangapatna_Karnataka_India.jpg
132,Srirangapatna Island,Mandya,"Somewhere in Karnataka, this attraction holds a story worth uncovering.",Historic town and the capital of Hyder Ali and Tipu Sultan.,"It's a well-known attraction, popular for heritage tour.","Visitors flock here for heritage tour, history study, photography -- a well-loved spot in Mandya district.",Category: Attraction,Known for: Historic town and the capital of Hyder Ali and Tipu Sultan,"Popular activities: Heritage tour, History study, Photography",hard,12.5242,76.8958,https://upload.wikimedia.org/wikipedia/commons/thumb/f/f5/Gopuram_of_the_Ranganathaswamy_Temple%2C_Srirangapatna_Karnataka_India.jpg/500px-Gopuram_of_the_Ranganathaswamy_Temple%2C_Srirangapatna_Karnataka_India.jpg
133,Ranganathaswamy Temple,Mandya,"Somewhere in Karnataka, this temple holds a story worth uncovering.",Ancient temple and one of the Pancharanga Kshetrams.,"It's a well-known temple, popular for pilgrimage.","Visitors flock here for pilgrimage, architecture photography, religious visit -- a well-loved spot in Mandya district.",Category: Temple,Known for: Ancient temple and one of the Pancharanga Kshetrams,"Popular activities: Pilgrimage, Architecture photography, Religious visit",hard,12.5242,76.8958,https://upload.wikimedia.org/wikipedia/commons/thumb/7/79/Sri_Ranganathaswami_Temple%2C_Srirangaptna.jpg/500px-Sri_Ranganathaswami_Temple%2C_Srirangaptna.jpg
135,Gumbaz,Mandya,"Somewhere in Karnataka, this attraction holds a story worth uncovering.",Mausoleum of Tipu Sultan and his parents.,"It's a well-known attraction, popular for history tour.","Visitors flock here for history tour, architecture study, photography -- a well-loved spot in Mandya district.",Category: Attraction,Known for: Mausoleum of Tipu Sultan and his parents,"Popular activities: History tour, Architecture study, Photography",hard,12.5242,76.8958,https://upload.wikimedia.org/wikipedia/commons/thumb/4/4b/Hampi_virupaksha_temple.jpg/500px-Hampi_virupaksha_temple.jpg
136,Melukote Cheluvanarayana Swamy Temple,Mandya,"Somewhere in Karnataka, this temple holds a story worth uncovering.",Historic temple known for its Vairamudi festival.,"It's a well-known temple, popular for pilgrimage.","Visitors flock here for pilgrimage, architecture study, viewing temple jewelry -- a well-loved spot in Mandya district.",Category: Temple,Known for: Historic temple known for its Vairamudi festival,"Popular activities: Pilgrimage, Architecture study, Viewing temple jewelry",hard,12.5242,76.8958,https://upload.wikimedia.org/wikipedia/commons/thumb/5/55/Cheluvanarayana_Swamy_Temple_BNC.jpg/500px-Cheluvanarayana_Swamy_Temple_BNC.jpg
138,Kokkare Bellur,Mandya,"Somewhere in Karnataka, this attraction holds a story worth uncovering.",Village famous for its coexistence with Painted Storks and Pelicans.,"It's a well-known attraction, popular for bird watching.","Visitors flock here for bird watching, village life experience, photography -- a well-loved spot in Mandya district.",Category: Attraction,Known for: Village famous for its coexistence with Painted Storks and Pelicans,"Popular activities: Bird watching, Village life experience, Photography",hard,12.5242,76.8958,https://upload.wikimedia.org/wikipedia/commons/thumb/b/b0/The_Shimsha_river_in_Maduur.jpg/500px-The_Shimsha_river_in_Maduur.jpg
139,Sangama,Mandya,"Somewhere in Karnataka, this attraction holds a story worth uncovering.","Confluence of the rivers Kaveri, Hemavati, and Lakshmana Tirtha.","It's a well-known attraction, popular for river bathing.","Visitors flock here for river bathing, coracle riding, picnic -- a well-loved spot in Mandya district.",Category: Attraction,"Known for: Confluence of the rivers Kaveri, Hemavati, and Lakshmana Tirtha","Popular activities: River bathing, Coracle riding, Picnic",hard,12.5242,76.8958,https://upload.wikimedia.org/wikipedia/commons/thumb/4/4b/Hampi_virupaksha_temple.jpg/500px-Hampi_virupaksha_temple.jpg
141,Kere Thonnur,Mandya,"Somewhere in Karnataka, this lake holds a story worth uncovering.",Historical lake with religious and scenic significance.,"It's a well-known lake, popular for boating.","Visitors flock here for boating, swimming, history tour -- a well-loved spot in Mandya district.",Category: Lake,Known for: Historical lake with religious and scenic significance,"Popular activities: Boating, Swimming, History tour",hard,12.5242,76.8958,https://upload.wikimedia.org/wikipedia/commons/thumb/8/83/Kere_Thonnooru_village4.jpg/500px-Kere_Thonnooru_village4.jpg
142,Adichunchanagiri Hills,Mandya,"Somewhere in Karnataka, this hill/viewpoint holds a story worth uncovering.",Spiritual center and hill station.,"It's a well-known hill/viewpoint, popular for visiting the matha.","Visitors flock here for visiting the matha, trekking, peacock spotting -- a well-loved spot in Mandya district.",Category: Hill/Viewpoint,Known for: Spiritual center and hill station,"Popular activities: Visiting the matha, Trekking, Peacock spotting",hard,12.5242,76.8958,https://upload.wikimedia.org/wikipedia/commons/thumb/5/53/Adichunchanagiri.3.jpg/500px-Adichunchanagiri.3.jpg
144,Karighatta Hill,Mandya,"Somewhere in Karnataka, this hill/viewpoint holds a story worth uncovering.",Hilltop offering a view of the Mysore and Srirangapatna.,"It's a well-known hill/viewpoint, popular for trekking.","Visitors flock here for trekking, nature walks, pilgrimage -- a well-loved spot in Mandya district.",Category: Hill/Viewpoint,Known for: Hilltop offering a view of the Mysore and Srirangapatna,"Popular activities: Trekking, Nature walks, Pilgrimage",hard,12.5242,76.8958,https://upload.wikimedia.org/wikipedia/commons/thumb/f/fb/Karigatte_temple.JPG/500px-Karigatte_temple.JPG
145,Maddur Vada Hub,Mandya,"Somewhere in Karnataka, this attraction holds a story worth uncovering.",Famous for its indigenous snack 'Maddur Vada'.,"It's a well-known attraction, popular for food tasting.","Visitors flock here for food tasting, shopping, local market visit -- a well-loved spot in Mandya district.",Category: Attraction,Known for: Famous for its indigenous snack 'Maddur Vada',"Popular activities: Food tasting, Shopping, Local market visit",hard,12.5242,76.8958,https://upload.wikimedia.org/wikipedia/commons/thumb/4/4e/Tirumala_090615.jpg/500px-Tirumala_090615.jpg
147,Hosaholalu Lakshminarayana Temple,Mandya,"Somewhere in Karnataka, this temple holds a story worth uncovering.",One of the most beautiful Hoysala temples in the district.,"It's a well-known temple, popular for history tour.","Visitors flock here for history tour, architecture study, photography -- a well-loved spot in Mandya district.",Category: Temple,Known for: One of the most beautiful Hoysala temples in the district,"Popular activities: History tour, Architecture study, Photography",hard,12.5242,76.8958,https://upload.wikimedia.org/wikipedia/commons/thumb/a/af/Lakshminayarana_Temple_%2C_Hosaholalu%2C_South_West_View.jpg/500px-Lakshminayarana_Temple_%2C_Hosaholalu%2C_South_West_View.jpg
148,Venugopala Swamy Temple,Mandya,"Somewhere in Karnataka, this temple holds a story worth uncovering.",Submerged temple relocated to the banks of KRS Backwaters.,"It's a well-known temple, popular for photography.","Visitors flock here for photography, religious visit, sunset viewing -- a well-loved spot in Mandya district.",Category: Temple,Known for: Submerged temple relocated to the banks of KRS Backwaters,"Popular activities: Photography, Religious visit, Sunset viewing",hard,12.5242,76.8958,https://upload.wikimedia.org/wikipedia/commons/thumb/8/80/Venugopalaswamy_temple_Entrance.jpg/500px-Venugopalaswamy_temple_Entrance.jpg
150,Kuntibetta,Mandya,"Somewhere in Karnataka, this hill/viewpoint holds a story worth uncovering.",Two rocky hills ideal for night trekking.,"It's a well-known hill/viewpoint, popular for night trekking.","Visitors flock here for night trekking, rock climbing, camping -- a well-loved spot in Mandya district.",Category: Hill/Viewpoint,Known for: Two rocky hills ideal for night trekking,"Popular activities: Night trekking, Rock climbing, Camping",hard,12.5242,76.8958,https://placehold.co/500x350/1c433c/8fe0a8?font=roboto&text=Kuntibetta
151,Hemagiri Falls,Mandya,"Somewhere in Karnataka, this waterfall holds a story worth uncovering.",Waterfall formed on the Hemavati river.,"It's a well-known waterfall, popular for coracle riding.","Visitors flock here for coracle riding, picnic, photography -- a well-loved spot in Mandya district.",Category: Waterfall,Known for: Waterfall formed on the Hemavati river,"Popular activities: Coracle riding, Picnic, Photography",hard,12.5242,76.8958,https://placehold.co/500x350/1c433c/8fe0a8?font=roboto&text=Hemagiri%20Falls
153,Paschima Vahini,Mandya,"Somewhere in Karnataka, this attraction holds a story worth uncovering.",Holy spot on the banks of Kaveri for ancestral rites.,"It's a well-known attraction, popular for spiritual visit.","Visitors flock here for spiritual visit, river-side relaxation -- a well-loved spot in Mandya district.",Category: Attraction,Known for: Holy spot on the banks of Kaveri for ancestral rites,"Popular activities: Spiritual visit, River-side relaxation",hard,12.5242,76.8958,https://upload.wikimedia.org/wikipedia/commons/thumb/a/a9/Srirangapatna_Railway_Station_Entrance_Rain_Tree_Jan24_A7C_08957.jpg/500px-Srirangapatna_Railway_Station_Entrance_Rain_Tree_Jan24_A7C_08957.jpg
154,Captain Scott’s Bungalow,Mandya,"Somewhere in Karnataka, this attraction holds a story worth uncovering.",Old bungalow associated with Tipu Sultan’s reign.,"It's a well-known attraction, popular for history tour.","Visitors flock here for history tour, architecture photography -- a well-loved spot in Mandya district.",Category: Attraction,Known for: Old bungalow associated with Tipu Sultan’s reign,"Popular activities: History tour, Architecture photography",hard,12.5242,76.8958,https://upload.wikimedia.org/wikipedia/commons/thumb/4/4b/Scott%27s_Bungalow%2C_Srirangapatna_02.jpg/500px-Scott%27s_Bungalow%2C_Srirangapatna_02.jpg
156,Tipu Sultan’s Armor,Mandya,"Somewhere in Karnataka, this museum holds a story worth uncovering.",Museum site showing the weapons of the Mysore Tiger.,"It's a well-known museum, popular for history tour.","Visitors flock here for history tour, viewing military artifacts -- a well-loved spot in Mandya district.",Category: Museum,Known for: Museum site showing the weapons of the Mysore Tiger,"Popular activities: History tour, Viewing military artifacts",hard,12.5242,76.8958,https://upload.wikimedia.org/wikipedia/commons/thumb/c/cd/View_from_Visvesvaraya_Industrial_and_Technological_Museum_%282025%29_02.jpg/500px-View_from_Visvesvaraya_Industrial_and_Technological_Museum_%282025%29_02.jpg
157,Arakere Heritage,Mandya,"Somewhere in Karnataka, this attraction holds a story worth uncovering.",Traditional village known for its agricultural roots.,"It's a well-known attraction, popular for farm visits.","Visitors flock here for farm visits, rural life photography, local food tasting -- a well-loved spot in Mandya district.",Category: Attraction,Known for: Traditional village known for its agricultural roots,"Popular activities: Farm visits, Rural life photography, Local food tasting",hard,12.5242,76.8958,https://upload.wikimedia.org/wikipedia/commons/thumb/f/f5/Gopuram_of_the_Ranganathaswamy_Temple%2C_Srirangapatna_Karnataka_India.jpg/500px-Gopuram_of_the_Ranganathaswamy_Temple%2C_Srirangapatna_Karnataka_India.jpg
82,Panambur Beach,Mangaluru,"Somewhere in Karnataka, this beach holds a story worth uncovering.",One of the cleanest and safest beaches.,"It's a well-known beach, popular for swimming.","Visitors flock here for swimming, boating, water sports -- a well-loved spot in Mangaluru district.",Category: Beach,Known for: One of the cleanest and safest beaches,"Popular activities: Swimming, Boating, Water sports",easy,12.9141,74.856,https://upload.wikimedia.org/wikipedia/commons/thumb/2/23/Panambur_Beach_Mangalore.jpg/500px-Panambur_Beach_Mangalore.jpg
85,St. Aloysius Chapel,Mangaluru,"Somewhere in Karnataka, this attraction holds a story worth uncovering.",Chapel with stunning frescoes by Italian artist Antonio Moscheni.,"It's a well-known attraction, popular for art appreciation.","Visitors flock here for art appreciation, photography, spiritual visit -- a well-loved spot in Mangaluru district.",Category: Attraction,Known for: Chapel with stunning frescoes by Italian artist Antonio Moscheni,"Popular activities: Art appreciation, Photography, Spiritual visit",easy,12.9141,74.856,https://upload.wikimedia.org/wikipedia/commons/thumb/1/14/Growing_skylines_of_the_Mangalore_CBD_region.jpg/500px-Growing_skylines_of_the_Mangalore_CBD_region.jpg
88,Sultan Battery,Mangaluru,"Somewhere in Karnataka, this attraction holds a story worth uncovering.",Watchtower built by Tipu Sultan.,"It's a well-known attraction, popular for history tour.","Visitors flock here for history tour, photography, river views -- a well-loved spot in Mangaluru district.",Category: Attraction,Known for: Watchtower built by Tipu Sultan,"Popular activities: History tour, Photography, River views",easy,12.9141,74.856,https://upload.wikimedia.org/wikipedia/commons/thumb/1/14/Growing_skylines_of_the_Mangalore_CBD_region.jpg/500px-Growing_skylines_of_the_Mangalore_CBD_region.jpg
91,Milagres Church,Mangaluru,"Somewhere in Karnataka, this attraction holds a story worth uncovering.","Historic church, one of the oldest in the region.","It's a well-known attraction, popular for pilgrimage.","Visitors flock here for pilgrimage, architecture study, history tour -- a well-loved spot in Mangaluru district.",Category: Attraction,"Known for: Historic church, one of the oldest in the region","Popular activities: Pilgrimage, Architecture study, History tour",easy,12.9141,74.856,https://upload.wikimedia.org/wikipedia/commons/thumb/1/14/Growing_skylines_of_the_Mangalore_CBD_region.jpg/500px-Growing_skylines_of_the_Mangalore_CBD_region.jpg
94,Netravathi River Bridge,Mangaluru,"Somewhere in Karnataka, this attraction holds a story worth uncovering.",Scenic bridge offering views of the river and city.,"It's a well-known attraction, popular for photography.","Visitors flock here for photography, evening strolls -- a well-loved spot in Mangaluru district.",Category: Attraction,Known for: Scenic bridge offering views of the river and city,"Popular activities: Photography, Evening strolls",easy,12.9141,74.856,https://upload.wikimedia.org/wikipedia/commons/thumb/9/91/Mangalore_railway_station.JPG/500px-Mangalore_railway_station.JPG
97,Kateel Durga Parameshwari Temple,Mangaluru,"Somewhere in Karnataka, this temple holds a story worth uncovering.",Temple on an island in the Nandini River.,"It's a well-known temple, popular for pilgrimage.","Visitors flock here for pilgrimage, river views, religious rituals -- a well-loved spot in Mangaluru district.",Category: Temple,Known for: Temple on an island in the Nandini River,"Popular activities: Pilgrimage, River views, Religious rituals",easy,12.9141,74.856,https://upload.wikimedia.org/wikipedia/commons/thumb/9/90/Sri_Durgaparmeshwari_Temple%2CMulki.jpg/500px-Sri_Durgaparmeshwari_Temple%2CMulki.jpg
100,Shri Krishna Math (Udupi),Mangaluru,"Somewhere in Karnataka, this temple holds a story worth uncovering.",Famous for Lord Krishna temple and unique worship.,"It's a well-known temple, popular for pilgrimage.","Visitors flock here for pilgrimage, cultural experience, temple food (prasada) -- a well-loved spot in Mangaluru district.",Category: Temple,Known for: Famous for Lord Krishna temple and unique worship,"Popular activities: Pilgrimage, Cultural experience, Temple food (prasada)",easy,12.9141,74.856,https://upload.wikimedia.org/wikipedia/commons/thumb/b/b7/Thousand_Piller_Temple%2C_Moodbidri.jpg/500px-Thousand_Piller_Temple%2C_Moodbidri.jpg
83,Kadri Manjunath Temple,Mangaluru,"Somewhere in Karnataka, this temple holds a story worth uncovering.",Ancient temple with bronze statues.,"It's a well-known temple, popular for pilgrimage.","Visitors flock here for pilgrimage, architecture study, history tour -- a well-loved spot in Mangaluru district.",Category: Temple,Known for: Ancient temple with bronze statues,"Popular activities: Pilgrimage, Architecture study, History tour",medium,12.9141,74.856,https://upload.wikimedia.org/wikipedia/commons/thumb/d/d4/Kadri_temple_entrance_mangalore.jpg/500px-Kadri_temple_entrance_mangalore.jpg
86,Tannirbhavi Beach,Mangaluru,"Somewhere in Karnataka, this beach holds a story worth uncovering.",Secluded beach with a lighthouse and tree park.,"It's a well-known beach, popular for sunset viewing.","Visitors flock here for sunset viewing, swimming, relaxation -- a well-loved spot in Mangaluru district.",Category: Beach,Known for: Secluded beach with a lighthouse and tree park,"Popular activities: Sunset viewing, Swimming, Relaxation",medium,12.9141,74.856,https://upload.wikimedia.org/wikipedia/commons/thumb/d/d8/Tannirubhavi_beach_02.JPG/500px-Tannirubhavi_beach_02.JPG
89,Pilikula Nisargadhama,Mangaluru,"Somewhere in Karnataka, this lake holds a story worth uncovering.","Integrated theme park with zoo, botanical garden, and lake.","It's a well-known lake, popular for boating.","Visitors flock here for boating, zoo visit, botanical garden walk -- a well-loved spot in Mangaluru district.",Category: Lake,"Known for: Integrated theme park with zoo, botanical garden, and lake","Popular activities: Boating, Zoo visit, Botanical garden walk",medium,12.9141,74.856,https://upload.wikimedia.org/wikipedia/commons/thumb/1/14/Growing_skylines_of_the_Mangalore_CBD_region.jpg/500px-Growing_skylines_of_the_Mangalore_CBD_region.jpg
92,Kaup Beach,Mangaluru,"Somewhere in Karnataka, this beach holds a story worth uncovering.",Beach with a lighthouse and historical ruins.,"It's a well-known beach, popular for lighthouse climbing.","Visitors flock here for lighthouse climbing, sunset viewing, photography -- a well-loved spot in Mangaluru district.",Category: Beach,Known for: Beach with a lighthouse and historical ruins,"Popular activities: Lighthouse climbing, Sunset viewing, Photography",medium,12.9141,74.856,https://upload.wikimedia.org/wikipedia/commons/thumb/8/8c/Kudle_beach_gokarna.jpg/500px-Kudle_beach_gokarna.jpg
95,Bejai Museum (Seemanthi Bai Government Museum),Mangaluru,"Somewhere in Karnataka, this museum holds a story worth uncovering.",Archaeological and historical artifacts.,"It's a well-known museum, popular for history tour.","Visitors flock here for history tour, cultural study -- a well-loved spot in Mangaluru district.",Category: Museum,Known for: Archaeological and historical artifacts,"Popular activities: History tour, Cultural study",medium,12.9141,74.856,https://placehold.co/500x350/1c433c/8fe0a8?font=roboto&text=Bejai%20Museum%20%28Seemanthi%20Bai%20Government%20Museum%29
98,Moodabidri (Jain Kashi),Mangaluru,"Somewhere in Karnataka, this attraction holds a story worth uncovering.",Historic Jain center with 1000 Pillar Basadi.,"It's a well-known attraction, popular for architecture study.","Visitors flock here for architecture study, spiritual visit, history tour -- a well-loved spot in Mangaluru district.",Category: Attraction,Known for: Historic Jain center with 1000 Pillar Basadi,"Popular activities: Architecture study, Spiritual visit, History tour",medium,12.9141,74.856,https://upload.wikimedia.org/wikipedia/commons/thumb/b/b7/Thousand_Piller_Temple%2C_Moodbidri.jpg/500px-Thousand_Piller_Temple%2C_Moodbidri.jpg
101,Malpe Beach (Udupi),Mangaluru,"Somewhere in Karnataka, this beach holds a story worth uncovering.",Famous for St. Mary's Island and water sports.,"It's a well-known beach, popular for water sports.","Visitors flock here for water sports, island visit, sunset viewing -- a well-loved spot in Mangaluru district.",Category: Beach,Known for: Famous for St. Mary's Island and water sports,"Popular activities: Water sports, Island visit, Sunset viewing",medium,12.9141,74.856,https://upload.wikimedia.org/wikipedia/commons/thumb/4/49/Malpe_Beach_2.jpg/500px-Malpe_Beach_2.jpg
84,Mangaladevi Temple,Mangaluru,"Somewhere in Karnataka, this temple holds a story worth uncovering.",Temple dedicated to Goddess Mangaladevi.,"It's a well-known temple, popular for pilgrimage.","Visitors flock here for pilgrimage, cultural events, architecture study -- a well-loved spot in Mangaluru district.",Category: Temple,Known for: Temple dedicated to Goddess Mangaladevi,"Popular activities: Pilgrimage, Cultural events, Architecture study",hard,12.9141,74.856,https://upload.wikimedia.org/wikipedia/commons/thumb/1/1f/Mangaladevi_Temple_Mangalore_2.jpg/500px-Mangaladevi_Temple_Mangalore_2.jpg
87,Gokarnanatheshwara Temple,Mangaluru,"Somewhere in Karnataka, this temple holds a story worth uncovering.","Dedicated to Lord Shiva, built in Dravidian style.","It's a well-known temple, popular for pilgrimage.","Visitors flock here for pilgrimage, architecture appreciation, cultural events -- a well-loved spot in Mangaluru district.",Category: Temple,"Known for: Dedicated to Lord Shiva, built in Dravidian style","Popular activities: Pilgrimage, Architecture appreciation, Cultural events",hard,12.9141,74.856,https://upload.wikimedia.org/wikipedia/commons/thumb/7/70/Gokarnatheshwara_Temple_7042008.jpg/500px-Gokarnatheshwara_Temple_7042008.jpg
90,Ullal Beach,Mangaluru,"Somewhere in Karnataka, this beach holds a story worth uncovering.",Scenic beach with fishing villages.,"It's a well-known beach, popular for swimming.","Visitors flock here for swimming, sunset viewing, local seafood -- a well-loved spot in Mangaluru district.",Category: Beach,Known for: Scenic beach with fishing villages,"Popular activities: Swimming, Sunset viewing, Local seafood",hard,12.9141,74.856,https://upload.wikimedia.org/wikipedia/commons/thumb/1/14/Growing_skylines_of_the_Mangalore_CBD_region.jpg/500px-Growing_skylines_of_the_Mangalore_CBD_region.jpg
93,Kudroli Temple,Mangaluru,"Somewhere in Karnataka, this temple holds a story worth uncovering.",Rebuilt grand temple dedicated to Shiva.,"It's a well-known temple, popular for pilgrimage.","Visitors flock here for pilgrimage, festival participation, architecture appreciation -- a well-loved spot in Mangaluru district.",Category: Temple,Known for: Rebuilt grand temple dedicated to Shiva,"Popular activities: Pilgrimage, Festival participation, Architecture appreciation",hard,12.9141,74.856,https://upload.wikimedia.org/wikipedia/commons/thumb/7/70/Gokarnatheshwara_Temple_7042008.jpg/500px-Gokarnatheshwara_Temple_7042008.jpg
96,New Mangalore Port,Mangaluru,"Somewhere in Karnataka, this attraction holds a story worth uncovering.",One of India's major ports.,"It's a well-known attraction, popular for port views.","Visitors flock here for port views, photography -- a well-loved spot in Mangaluru district.",Category: Attraction,Known for: One of India's major ports,"Popular activities: Port views, Photography",hard,12.9141,74.856,https://placehold.co/500x350/1c433c/8fe0a8?font=roboto&text=New%20Mangalore%20Port
99,Karinjeshwara Temple,Mangaluru,"Somewhere in Karnataka, this temple holds a story worth uncovering.",Hilltop temple with panoramic views.,"It's a well-known temple, popular for pilgrimage.","Visitors flock here for pilgrimage, trekking, viewpoint photography -- a well-loved spot in Mangaluru district.",Category: Temple,Known for: Hilltop temple with panoramic views,"Popular activities: Pilgrimage, Trekking, Viewpoint photography",hard,12.9141,74.856,https://upload.wikimedia.org/wikipedia/commons/thumb/c/ce/Falnir_skylines_viewed_from_Kankanady.jpg/500px-Falnir_skylines_viewed_from_Kankanady.jpg
21,Mysore Palace,Mysuru,"Somewhere in Karnataka, this palace holds a story worth uncovering.","Indo-Saracenic architecture, former seat of Wadiyars.","It's a well-known palace, popular for history tour.","Visitors flock here for history tour, photography, sound and light show -- a well-loved spot in Mysuru district.",Category: Palace,"Known for: Indo-Saracenic architecture, former seat of Wadiyars","Popular activities: History tour, Photography, Sound and light show",easy,12.2958,76.6394,https://upload.wikimedia.org/wikipedia/commons/thumb/5/56/Mysuru_Montage.jpg/500px-Mysuru_Montage.jpg
24,Mysore Zoo (Sri Chamarajendra Zoological Gardens),Mysuru,"Somewhere in Karnataka, this garden holds a story worth uncovering.",One of the oldest and best zoos in India.,"It's a well-known garden, popular for wildlife viewing.","Visitors flock here for wildlife viewing, animal conservation education -- a well-loved spot in Mysuru district.",Category: Garden,Known for: One of the oldest and best zoos in India,"Popular activities: Wildlife viewing, Animal conservation education",easy,12.2958,76.6394,https://upload.wikimedia.org/wikipedia/commons/thumb/6/63/Entrance_of_Mysore_Zoo.jpg/500px-Entrance_of_Mysore_Zoo.jpg
27,Karanji Lake,Mysuru,"Somewhere in Karnataka, this lake holds a story worth uncovering.",Lake with a walk-through aviary and butterfly park.,"It's a well-known lake, popular for bird watching.","Visitors flock here for bird watching, boating, butterfly spotting -- a well-loved spot in Mysuru district.",Category: Lake,Known for: Lake with a walk-through aviary and butterfly park,"Popular activities: Bird watching, Boating, Butterfly spotting",easy,12.2958,76.6394,https://upload.wikimedia.org/wikipedia/commons/thumb/5/56/Mysuru_Montage.jpg/500px-Mysuru_Montage.jpg
30,Regional Museum of Natural History,Mysuru,"Somewhere in Karnataka, this museum holds a story worth uncovering.","Focus on flora, fauna, and geology of South India.","It's a well-known museum, popular for educational tour.","Visitors flock here for educational tour, nature study -- a well-loved spot in Mysuru district.",Category: Museum,"Known for: Focus on flora, fauna, and geology of South India","Popular activities: Educational tour, Nature study",easy,12.2958,76.6394,https://upload.wikimedia.org/wikipedia/commons/thumb/5/56/Mysuru_Montage.jpg/500px-Mysuru_Montage.jpg
33,GRS Fantasy Park,Mysuru,"Somewhere in Karnataka, this park holds a story worth uncovering.",Amusement and water park.,"It's a well-known park, popular for rides.","Visitors flock here for rides, water slides, family entertainment -- a well-loved spot in Mysuru district.",Category: Park,Known for: Amusement and water park,"Popular activities: Rides, Water slides, Family entertainment",easy,12.2958,76.6394,https://placehold.co/500x350/1c433c/8fe0a8?font=roboto&text=GRS%20Fantasy%20Park
36,Talakad,Mysuru,"Somewhere in Karnataka, this temple holds a story worth uncovering.",Historical site with submerged temples.,"It's a well-known temple, popular for archaeological study.","Visitors flock here for archaeological study, temple visit, photography -- a well-loved spot in Mysuru district.",Category: Temple,Known for: Historical site with submerged temples,"Popular activities: Archaeological study, Temple visit, Photography",easy,12.2958,76.6394,https://upload.wikimedia.org/wikipedia/commons/thumb/5/56/Mysuru_Montage.jpg/500px-Mysuru_Montage.jpg
39,Somnathpur Temple (Chennakesava Temple),Mysuru,"Somewhere in Karnataka, this temple holds a story worth uncovering.",Hoysala architecture masterpiece.,"It's a well-known temple, popular for architecture study.","Visitors flock here for architecture study, sculpture viewing, history tour -- a well-loved spot in Mysuru district.",Category: Temple,Known for: Hoysala architecture masterpiece,"Popular activities: Architecture study, Sculpture viewing, History tour",easy,12.2958,76.6394,https://upload.wikimedia.org/wikipedia/commons/thumb/b/bd/Le_temple_de_Chennakesava_%28Somanathapura%2C_Inde%29_%2814465165685%29.jpg/500px-Le_temple_de_Chennakesava_%28Somanathapura%2C_Inde%29_%2814465165685%29.jpg
22,Brindavan Gardens,Mysuru,"Somewhere in Karnataka, this garden holds a story worth uncovering.",Terraced gardens with musical fountains.,"It's a well-known garden, popular for musical fountain show.","Visitors flock here for musical fountain show, boating, evening strolls -- a well-loved spot in Mysuru district.",Category: Garden,Known for: Terraced gardens with musical fountains,"Popular activities: Musical fountain show, Boating, Evening strolls",medium,12.2958,76.6394,https://upload.wikimedia.org/wikipedia/commons/thumb/0/0f/Brindavan_Gardens.JPG/500px-Brindavan_Gardens.JPG
25,St. Philomena's Church,Mysuru,"Somewhere in Karnataka, this attraction holds a story worth uncovering.","Gothic-style cathedral, one of the tallest in Asia.","It's a well-known attraction, popular for architecture appreciation.","Visitors flock here for architecture appreciation, spiritual visit, photography -- a well-loved spot in Mysuru district.",Category: Attraction,"Known for: Gothic-style cathedral, one of the tallest in Asia","Popular activities: Architecture appreciation, Spiritual visit, Photography",medium,12.2958,76.6394,https://upload.wikimedia.org/wikipedia/commons/thumb/d/d4/India_-_St._Philomena%27s_Church_02.jpg/500px-India_-_St._Philomena%27s_Church_02.jpg
28,Railway Museum Mysore,Mysuru,"Somewhere in Karnataka, this museum holds a story worth uncovering.",Museum showcasing historic locomotives.,"It's a well-known museum, popular for history of railways.","Visitors flock here for history of railways, train viewing, photography -- a well-loved spot in Mysuru district.",Category: Museum,Known for: Museum showcasing historic locomotives,"Popular activities: History of railways, Train viewing, Photography",medium,12.2958,76.6394,https://upload.wikimedia.org/wikipedia/commons/thumb/6/66/Mysore_Rly_Station_Panorama_Karnataka_Apr22_A7C_01908-10.jpg/500px-Mysore_Rly_Station_Panorama_Karnataka_Apr22_A7C_01908-10.jpg
31,Datta Peetham,Mysuru,"Somewhere in Karnataka, this attraction holds a story worth uncovering.",Ashram of Avadhoota Datta Peetham.,"It's a well-known attraction, popular for spiritual visit.","Visitors flock here for spiritual visit, yoga, meditation -- a well-loved spot in Mysuru district.",Category: Attraction,Known for: Ashram of Avadhoota Datta Peetham,"Popular activities: Spiritual visit, Yoga, Meditation",medium,12.2958,76.6394,https://upload.wikimedia.org/wikipedia/commons/thumb/e/e0/Sri_Ganapathi_Sachchidananda_Swamiji.jpg/500px-Sri_Ganapathi_Sachchidananda_Swamiji.jpg
34,Melukote,Mysuru,"Somewhere in Karnataka, this temple holds a story worth uncovering.",Ancient temple town with historical significance.,"It's a well-known temple, popular for religious visit.","Visitors flock here for religious visit, architecture study, hill climbing -- a well-loved spot in Mysuru district.",Category: Temple,Known for: Ancient temple town with historical significance,"Popular activities: Religious visit, Architecture study, Hill climbing",medium,12.2958,76.6394,https://upload.wikimedia.org/wikipedia/commons/0/06/Siddaramaiah_at_the_function_Akshaya_Patra_Foundation_in_Karnataka.jpg
37,Bandipur National Park,Mysuru,"Somewhere in Karnataka, this park holds a story worth uncovering.",Tiger reserve and wildlife sanctuary.,"It's a well-known park, popular for wildlife safari.","Visitors flock here for wildlife safari, bird watching, photography -- a well-loved spot in Mysuru district.",Category: Park,Known for: Tiger reserve and wildlife sanctuary,"Popular activities: Wildlife safari, Bird watching, Photography",medium,12.2958,76.6394,https://upload.wikimedia.org/wikipedia/commons/thumb/5/56/Mysuru_Montage.jpg/500px-Mysuru_Montage.jpg
40,Balamuri Falls,Mysuru,"Somewhere in Karnataka, this waterfall holds a story worth uncovering.",Small waterfall and picnic spot.,"It's a well-known waterfall, popular for picnic.","Visitors flock here for picnic, swimming, relaxation -- a well-loved spot in Mysuru district.",Category: Waterfall,Known for: Small waterfall and picnic spot,"Popular activities: Picnic, Swimming, Relaxation",medium,12.2958,76.6394,https://upload.wikimedia.org/wikipedia/commons/thumb/5/5c/Bhagamandala_Birdseye_View_Coorg_Feb24_A7C_09524.jpg/500px-Bhagamandala_Birdseye_View_Coorg_Feb24_A7C_09524.jpg
23,Chamundi Hills,Mysuru,"Somewhere in Karnataka, this temple holds a story worth uncovering.",Hilltop temple with panoramic city views.,"It's a well-known temple, popular for religious visit.","Visitors flock here for religious visit, viewpoint photography, trekking -- a well-loved spot in Mysuru district.",Category: Temple,Known for: Hilltop temple with panoramic city views,"Popular activities: Religious visit, Viewpoint photography, Trekking",hard,12.2958,76.6394,https://upload.wikimedia.org/wikipedia/commons/thumb/5/59/J.C.Nagar_Welcome_Board_to_Chamundi_Hills.jpg/500px-J.C.Nagar_Welcome_Board_to_Chamundi_Hills.jpg
26,Srirangapatna,Mysuru,"Somewhere in Karnataka, this attraction holds a story worth uncovering.","Historic island town, Tipu Sultan's capital.","It's a well-known attraction, popular for history tour.","Visitors flock here for history tour, temple visit, battleground exploration -- a well-loved spot in Mysuru district.",Category: Attraction,"Known for: Historic island town, Tipu Sultan's capital","Popular activities: History tour, Temple visit, Battleground exploration",hard,12.2958,76.6394,https://upload.wikimedia.org/wikipedia/commons/thumb/5/56/Mysuru_Montage.jpg/500px-Mysuru_Montage.jpg
29,Jaganmohan Palace Art Gallery,Mysuru,"Somewhere in Karnataka, this palace holds a story worth uncovering.",Art gallery and auditorium.,"It's a well-known palace, popular for art appreciation.","Visitors flock here for art appreciation, traditional painting viewing -- a well-loved spot in Mysuru district.",Category: Palace,Known for: Art gallery and auditorium,"Popular activities: Art appreciation, Traditional painting viewing",hard,12.2958,76.6394,https://upload.wikimedia.org/wikipedia/commons/thumb/a/a4/Mysore_Palace_Morning.jpg/500px-Mysore_Palace_Morning.jpg
32,Lalitha Mahal Palace,Mysuru,"Somewhere in Karnataka, this palace holds a story worth uncovering.","Former royal palace, now a heritage hotel.","It's a well-known palace, popular for architecture appreciation.","Visitors flock here for architecture appreciation, photography, high tea -- a well-loved spot in Mysuru district.",Category: Palace,"Known for: Former royal palace, now a heritage hotel","Popular activities: Architecture appreciation, Photography, High tea",hard,12.2958,76.6394,https://upload.wikimedia.org/wikipedia/commons/thumb/a/a4/Mysore_Palace_Morning.jpg/500px-Mysore_Palace_Morning.jpg
35,Ranganathittu Bird Sanctuary,Mysuru,"Somewhere in Karnataka, this wildlife sanctuary holds a story worth uncovering.","Islands on the Kaveri River, major bird breeding site.","It's a well-known wildlife sanctuary, popular for bird watching.","Visitors flock here for bird watching, boating, photography -- a well-loved spot in Mysuru district.",Category: Wildlife Sanctuary,"Known for: Islands on the Kaveri River, major bird breeding site","Popular activities: Bird watching, Boating, Photography",hard,12.2958,76.6394,https://upload.wikimedia.org/wikipedia/commons/thumb/7/75/Spot-billed_Pelican_Rising_Flight_Ranganathittu_Feb24_D72_26266.jpg/500px-Spot-billed_Pelican_Rising_Flight_Ranganathittu_Feb24_D72_26266.jpg
38,Shivanasamudra Falls,Mysuru,"Somewhere in Karnataka, this waterfall holds a story worth uncovering.",Segmented waterfalls on the Kaveri River.,"It's a well-known waterfall, popular for photography.","Visitors flock here for photography, nature appreciation, picnic -- a well-loved spot in Mysuru district.",Category: Waterfall,Known for: Segmented waterfalls on the Kaveri River,"Popular activities: Photography, Nature appreciation, Picnic",hard,12.2958,76.6394,https://upload.wikimedia.org/wikipedia/commons/thumb/3/3e/Gagana_Chukki_%281%29.jpg/500px-Gagana_Chukki_%281%29.jpg
218,Gokarna Main Beach,Uttar_Kannada,"Somewhere in Karnataka, this temple holds a story worth uncovering.",Famous for its temple proximity and surfing.,"It's a well-known temple, popular for swimming.","Visitors flock here for swimming, surfing, beach trekking -- a well-loved spot in Uttar_Kannada district.",Category: Temple,Known for: Famous for its temple proximity and surfing,"Popular activities: Swimming, Surfing, Beach trekking",easy,14.5,75.7,https://upload.wikimedia.org/wikipedia/commons/thumb/2/29/Karwar_Evening.jpg/500px-Karwar_Evening.jpg
221,Half Moon Beach,Uttar_Kannada,"Somewhere in Karnataka, this beach holds a story worth uncovering.",Secluded crescent-shaped beach reachable by trek.,"It's a well-known beach, popular for trekking.","Visitors flock here for trekking, camping, quiet relaxation -- a well-loved spot in Uttar_Kannada district.",Category: Beach,Known for: Secluded crescent-shaped beach reachable by trek,"Popular activities: Trekking, Camping, Quiet relaxation",easy,14.5,75.7,https://upload.wikimedia.org/wikipedia/en/thumb/4/41/Flag_of_India.svg/500px-Flag_of_India.svg.png
224,Murudeshwar Beach,Uttar_Kannada,"Somewhere in Karnataka, this beach holds a story worth uncovering.",Beach adjacent to the massive Shiva shrine.,"It's a well-known beach, popular for water sports.","Visitors flock here for water sports, photography, evening walks -- a well-loved spot in Uttar_Kannada district.",Category: Beach,Known for: Beach adjacent to the massive Shiva shrine,"Popular activities: Water sports, Photography, Evening walks",easy,14.5,75.7,https://upload.wikimedia.org/wikipedia/commons/thumb/3/30/Jog_Falls_Karnataka.jpg/500px-Jog_Falls_Karnataka.jpg
227,Kali River Rafting (Dandeli),Uttar_Kannada,"Somewhere in Karnataka, this attraction holds a story worth uncovering.",Famous white-water rafting destination.,"It's a well-known attraction, popular for river rafting.","Visitors flock here for river rafting, kayaking, natural jacuzzi bathing -- a well-loved spot in Uttar_Kannada district.",Category: Attraction,Known for: Famous white-water rafting destination,"Popular activities: River rafting, Kayaking, Natural jacuzzi bathing",easy,14.5,75.7,https://upload.wikimedia.org/wikipedia/commons/thumb/1/11/Kali_river.jpg/500px-Kali_river.jpg
230,Jog Falls (Siddapur side),Uttar_Kannada,"Somewhere in Karnataka, this waterfall holds a story worth uncovering.",Highest untiered waterfall in India.,"It's a well-known waterfall, popular for waterfall viewing.","Visitors flock here for waterfall viewing, photography, nature walks -- a well-loved spot in Uttar_Kannada district.",Category: Waterfall,Known for: Highest untiered waterfall in India,"Popular activities: Waterfall viewing, Photography, Nature walks",easy,14.5,75.7,https://upload.wikimedia.org/wikipedia/commons/thumb/4/4a/Bedara_Vesha.jpg/500px-Bedara_Vesha.jpg
233,Vibhuti Falls,Uttar_Kannada,"Somewhere in Karnataka, this waterfall holds a story worth uncovering.",Multi-tiered perennial forest waterfall.,"It's a well-known waterfall, popular for swimming.","Visitors flock here for swimming, photography, nature walks -- a well-loved spot in Uttar_Kannada district.",Category: Waterfall,Known for: Multi-tiered perennial forest waterfall,"Popular activities: Swimming, Photography, Nature walks",easy,14.5,75.7,https://upload.wikimedia.org/wikipedia/commons/thumb/f/fc/Yana_Rocks.jpg/500px-Yana_Rocks.jpg
236,Devbagh Island,Uttar_Kannada,"Somewhere in Karnataka, this attraction holds a story worth uncovering.",Pristine island resort off the coast of Karwar.,"It's a well-known attraction, popular for snorkeling.","Visitors flock here for snorkeling, banana boat rides, private beach stay -- a well-loved spot in Uttar_Kannada district.",Category: Attraction,Known for: Pristine island resort off the coast of Karwar,"Popular activities: Snorkeling, Banana boat rides, Private beach stay",easy,14.5,75.7,https://upload.wikimedia.org/wikipedia/commons/thumb/2/29/Karwar_Evening.jpg/500px-Karwar_Evening.jpg
239,Sirsi Marikamba Temple,Uttar_Kannada,"Somewhere in Karnataka, this temple holds a story worth uncovering.",Famous for its massive wooden chariot.,"It's a well-known temple, popular for pilgrimage.","Visitors flock here for pilgrimage, viewing temple murals, cultural study -- a well-loved spot in Uttar_Kannada district.",Category: Temple,Known for: Famous for its massive wooden chariot,"Popular activities: Pilgrimage, Viewing temple murals, Cultural study",easy,14.5,75.7,https://upload.wikimedia.org/wikipedia/commons/thumb/4/4a/Bedara_Vesha.jpg/500px-Bedara_Vesha.jpg
242,Apsarakonda Falls,Uttar_Kannada,"Somewhere in Karnataka, this waterfall holds a story worth uncovering.",Coastal waterfall with a mythical 'pond of nymphs'.,"It's a well-known waterfall, popular for sea-view trekking.","Visitors flock here for sea-view trekking, sunset viewing, photography -- a well-loved spot in Uttar_Kannada district.",Category: Waterfall,Known for: Coastal waterfall with a mythical 'pond of nymphs',"Popular activities: Sea-view trekking, Sunset viewing, Photography",easy,14.5,75.7,https://upload.wikimedia.org/wikipedia/commons/thumb/f/ff/ApsarakondaTemple.JPG/500px-ApsarakondaTemple.JPG
245,Gudavi Bird Sanctuary,Uttar_Kannada,"Somewhere in Karnataka, this lake holds a story worth uncovering.",Lake sanctuary attracting thousands of migratory birds.,"It's a well-known lake, popular for bird watching.","Visitors flock here for bird watching, nature walks, photography -- a well-loved spot in Uttar_Kannada district.",Category: Lake,Known for: Lake sanctuary attracting thousands of migratory birds,"Popular activities: Bird watching, Nature walks, Photography",easy,14.5,75.7,https://upload.wikimedia.org/wikipedia/commons/thumb/4/4b/Hampi_virupaksha_temple.jpg/500px-Hampi_virupaksha_temple.jpg
219,Om Beach,Uttar_Kannada,"Somewhere in Karnataka, this beach holds a story worth uncovering.",Naturally shaped like the Hindu 'Om' symbol.,"It's a well-known beach, popular for speed boating.","Visitors flock here for speed boating, trekking to nearby beaches, sunbathing -- a well-loved spot in Uttar_Kannada district.",Category: Beach,Known for: Naturally shaped like the Hindu 'Om' symbol,"Popular activities: Speed boating, Trekking to nearby beaches, Sunbathing",medium,14.5,75.7,https://upload.wikimedia.org/wikipedia/commons/thumb/3/30/Jog_Falls_Karnataka.jpg/500px-Jog_Falls_Karnataka.jpg
222,Paradise Beach,Uttar_Kannada,"Somewhere in Karnataka, this beach holds a story worth uncovering.",Remote rocky beach known for its hippie culture roots.,"It's a well-known beach, popular for boat transit.","Visitors flock here for boat transit, night camping, photography -- a well-loved spot in Uttar_Kannada district.",Category: Beach,Known for: Remote rocky beach known for its hippie culture roots,"Popular activities: Boat transit, Night camping, Photography",medium,14.5,75.7,https://upload.wikimedia.org/wikipedia/commons/thumb/4/4b/Hampi_virupaksha_temple.jpg/500px-Hampi_virupaksha_temple.jpg
225,Netrani Island,Uttar_Kannada,"Somewhere in Karnataka, this attraction holds a story worth uncovering.",Heart-shaped island known as the 'Pigeon Island'.,"It's a well-known attraction, popular for scuba diving.","Visitors flock here for scuba diving, snorkeling, deep-sea photography -- a well-loved spot in Uttar_Kannada district.",Category: Attraction,Known for: Heart-shaped island known as the 'Pigeon Island',"Popular activities: Scuba diving, Snorkeling, Deep-sea photography",medium,14.5,75.7,https://upload.wikimedia.org/wikipedia/commons/thumb/2/29/Karwar_Evening.jpg/500px-Karwar_Evening.jpg
228,Supa Dam,Uttar_Kannada,"Somewhere in Karnataka, this attraction holds a story worth uncovering.",Massive concrete gravity dam on the Kali river.,"It's a well-known attraction, popular for viewing the reservoir.","Visitors flock here for viewing the reservoir, photography, educational tour -- a well-loved spot in Uttar_Kannada district.",Category: Attraction,Known for: Massive concrete gravity dam on the Kali river,"Popular activities: Viewing the reservoir, Photography, Educational tour",medium,14.5,75.7,https://upload.wikimedia.org/wikipedia/commons/thumb/0/05/Kali_River_620.JPG/500px-Kali_River_620.JPG
231,Unchalli Falls,Uttar_Kannada,"Somewhere in Karnataka, this waterfall holds a story worth uncovering.",Spectacular 116-meter drop known as Lushington Falls.,"It's a well-known waterfall, popular for forest trekking.","Visitors flock here for forest trekking, photography, nature appreciation -- a well-loved spot in Uttar_Kannada district.",Category: Waterfall,Known for: Spectacular 116-meter drop known as Lushington Falls,"Popular activities: Forest trekking, Photography, Nature appreciation",medium,14.5,75.7,https://upload.wikimedia.org/wikipedia/commons/thumb/4/4b/Hampi_virupaksha_temple.jpg/500px-Hampi_virupaksha_temple.jpg
234,Mirjan Fort,Uttar_Kannada,"Somewhere in Karnataka, this fort holds a story worth uncovering.",16th-century architectural marvel covered in moss.,"It's a well-known fort, popular for history tour.","Visitors flock here for history tour, fort exploration, photography -- a well-loved spot in Uttar_Kannada district.",Category: Fort,Known for: 16th-century architectural marvel covered in moss,"Popular activities: History tour, Fort exploration, Photography",medium,14.5,75.7,https://upload.wikimedia.org/wikipedia/commons/thumb/0/0a/Mirjan_Fort_02.JPG/500px-Mirjan_Fort_02.JPG
237,Anshi National Park,Uttar_Kannada,"Somewhere in Karnataka, this park holds a story worth uncovering.",Evergreen tropical rainforest and tiger reserve.,"It's a well-known park, popular for jungle trekking.","Visitors flock here for jungle trekking, wildlife spotting, bird watching -- a well-loved spot in Uttar_Kannada district.",Category: Park,Known for: Evergreen tropical rainforest and tiger reserve,"Popular activities: Jungle trekking, Wildlife spotting, Bird watching",medium,14.5,75.7,https://upload.wikimedia.org/wikipedia/commons/thumb/3/30/Jog_Falls_Karnataka.jpg/500px-Jog_Falls_Karnataka.jpg
240,Magod Falls,Uttar_Kannada,"Somewhere in Karnataka, this waterfall holds a story worth uncovering.",Two-step waterfall formed by the Bedti river.,"It's a well-known waterfall, popular for landscape photography.","Visitors flock here for landscape photography, picnic, nature walks -- a well-loved spot in Uttar_Kannada district.",Category: Waterfall,Known for: Two-step waterfall formed by the Bedti river,"Popular activities: Landscape photography, Picnic, Nature walks",medium,14.5,75.7,https://upload.wikimedia.org/wikipedia/commons/thumb/3/30/Jog_Falls_Karnataka.jpg/500px-Jog_Falls_Karnataka.jpg
243,Idagunji Ganesha Temple,Uttar_Kannada,"Somewhere in Karnataka, this temple holds a story worth uncovering.",Ancient temple with a 1500-year-old idol.,"It's a well-known temple, popular for pilgrimage.","Visitors flock here for pilgrimage, architecture study, religious visit -- a well-loved spot in Uttar_Kannada district.",Category: Temple,Known for: Ancient temple with a 1500-year-old idol,"Popular activities: Pilgrimage, Architecture study, Religious visit",medium,14.5,75.7,https://upload.wikimedia.org/wikipedia/commons/thumb/3/3c/Entrance_to_Shri_Ganesh_Temple_at_Gokarna_-_panoramio.jpg/500px-Entrance_to_Shri_Ganesh_Temple_at_Gokarna_-_panoramio.jpg
246,Shivaganga Falls,Uttar_Kannada,"Somewhere in Karnataka, this waterfall holds a story worth uncovering.",River Shalmala drops 74 meters into a deep valley.,"It's a well-known waterfall, popular for viewpoint viewing.","Visitors flock here for viewpoint viewing, nature photography, trekking -- a well-loved spot in Uttar_Kannada district.",Category: Waterfall,Known for: River Shalmala drops 74 meters into a deep valley,"Popular activities: Viewpoint viewing, Nature photography, Trekking",medium,14.5,75.7,https://upload.wikimedia.org/wikipedia/commons/thumb/4/4a/Bedara_Vesha.jpg/500px-Bedara_Vesha.jpg
220,Kudle Beach,Uttar_Kannada,"Somewhere in Karnataka, this beach holds a story worth uncovering.",Wide sandy beach popular with backpackers.,"It's a well-known beach, popular for beach yoga.","Visitors flock here for beach yoga, sunset viewing, cafe hopping -- a well-loved spot in Uttar_Kannada district.",Category: Beach,Known for: Wide sandy beach popular with backpackers,"Popular activities: Beach yoga, Sunset viewing, Cafe hopping",hard,14.5,75.7,https://upload.wikimedia.org/wikipedia/commons/thumb/2/29/Karwar_Evening.jpg/500px-Karwar_Evening.jpg
223,Murudeshwar Temple,Uttar_Kannada,"Somewhere in Karnataka, this temple holds a story worth uncovering.",Home to the world's second-tallest Shiva statue.,"It's a well-known temple, popular for pilgrimage.","Visitors flock here for pilgrimage, climbing the rajagopura for sea views -- a well-loved spot in Uttar_Kannada district.",Category: Temple,Known for: Home to the world's second-tallest Shiva statue,"Popular activities: Pilgrimage, Climbing the Rajagopura for sea views",hard,14.5,75.7,https://upload.wikimedia.org/wikipedia/commons/thumb/3/30/Jog_Falls_Karnataka.jpg/500px-Jog_Falls_Karnataka.jpg
226,Dandeli Wildlife Sanctuary,Uttar_Kannada,"Somewhere in Karnataka, this wildlife sanctuary holds a story worth uncovering.",Second largest wildlife sanctuary in Karnataka.,"It's a well-known wildlife sanctuary, popular for jungle safari.","Visitors flock here for jungle safari, bird watching, wildlife photography -- a well-loved spot in Uttar_Kannada district.",Category: Wildlife Sanctuary,Known for: Second largest wildlife sanctuary in Karnataka,"Popular activities: Jungle safari, Bird watching, Wildlife photography",hard,14.5,75.7,https://upload.wikimedia.org/wikipedia/commons/thumb/3/30/Jog_Falls_Karnataka.jpg/500px-Jog_Falls_Karnataka.jpg
229,Syntheri Rocks,Uttar_Kannada,"Somewhere in Karnataka, this attraction holds a story worth uncovering.",Monolithic limestone rock formation in the forest.,"It's a well-known attraction, popular for trekking.","Visitors flock here for trekking, geological study, photography -- a well-loved spot in Uttar_Kannada district.",Category: Attraction,Known for: Monolithic limestone rock formation in the forest,"Popular activities: Trekking, Geological study, Photography",hard,14.5,75.7,https://upload.wikimedia.org/wikipedia/commons/thumb/3/30/Jog_Falls_Karnataka.jpg/500px-Jog_Falls_Karnataka.jpg
232,Yana Caves,Uttar_Kannada,"Somewhere in Karnataka, this cave holds a story worth uncovering.",Unique crystalline karst limestone rock formations.,"It's a well-known cave, popular for trekking.","Visitors flock here for trekking, cave exploration, photography -- a well-loved spot in Uttar_Kannada district.",Category: Cave,Known for: Unique crystalline karst limestone rock formations,"Popular activities: Trekking, Cave exploration, Photography",hard,14.5,75.7,https://upload.wikimedia.org/wikipedia/commons/thumb/4/4b/Hampi_virupaksha_temple.jpg/500px-Hampi_virupaksha_temple.jpg
235,Karwar Beach (Rabindranath Tagore Beach),Uttar_Kannada,"Somewhere in Karnataka, this beach holds a story worth uncovering.",Scenic beach that inspired Tagore's poetry.,"It's a well-known beach, popular for visit ins chapal warship museum.","Visitors flock here for visit ins chapal warship museum, water sports -- a well-loved spot in Uttar_Kannada district.",Category: Beach,Known for: Scenic beach that inspired Tagore's poetry,"Popular activities: Visit INS Chapal Warship Museum, Water sports",hard,14.5,75.7,https://upload.wikimedia.org/wikipedia/commons/thumb/2/29/Karwar_Evening.jpg/500px-Karwar_Evening.jpg
238,Sahasralinga,Uttar_Kannada,"Somewhere in Karnataka, this attraction holds a story worth uncovering.",Thousands of Shiva Lingas carved on rocks in the river.,"It's a well-known attraction, popular for religious visit.","Visitors flock here for religious visit, nature photography, river exploration -- a well-loved spot in Uttar_Kannada district.",Category: Attraction,Known for: Thousands of Shiva Lingas carved on rocks in the river,"Popular activities: Religious visit, Nature photography, River exploration",hard,14.5,75.7,https://upload.wikimedia.org/wikipedia/commons/thumb/4/4a/Bedara_Vesha.jpg/500px-Bedara_Vesha.jpg
241,Sathodi Falls,Uttar_Kannada,"Somewhere in Karnataka, this waterfall holds a story worth uncovering.",Known as the 'Mini Niagara' of Uttara Kannada.,"It's a well-known waterfall, popular for forest trekking.","Visitors flock here for forest trekking, swimming, photography -- a well-loved spot in Uttar_Kannada district.",Category: Waterfall,Known for: Known as the 'Mini Niagara' of Uttara Kannada,"Popular activities: Forest trekking, Swimming, Photography",hard,14.5,75.7,https://upload.wikimedia.org/wikipedia/commons/thumb/3/30/Jog_Falls_Karnataka.jpg/500px-Jog_Falls_Karnataka.jpg
244,Banavasi Madhukeshwara Temple,Uttar_Kannada,"Somewhere in Karnataka, this temple holds a story worth uncovering.",Capital of the ancient Kadamba dynasty.,"It's a well-known temple, popular for history tour.","Visitors flock here for history tour, stone carving study, pilgrimage -- a well-loved spot in Uttar_Kannada district.",Category: Temple,Known for: Capital of the ancient Kadamba dynasty,"Popular activities: History tour, Stone carving study, Pilgrimage",hard,14.5,75.7,https://upload.wikimedia.org/wikipedia/commons/thumb/4/4a/Bedara_Vesha.jpg/500px-Bedara_Vesha.jpg
247,Majali Beach,Uttar_Kannada,"Somewhere in Karnataka, this beach holds a story worth uncovering.",Quiet beach near the Goa border.,"It's a well-known beach, popular for kayaking.","Visitors flock here for kayaking, row boating, quiet relaxation -- a well-loved spot in Uttar_Kannada district.",Category: Beach,Known for: Quiet beach near the Goa border,"Popular activities: Kayaking, Row boating, Quiet relaxation",hard,14.5,75.7,https://upload.wikimedia.org/wikipedia/commons/thumb/2/29/Karwar_Evening.jpg/500px-Karwar_Evening.jpg
